orderid,orderbookid,qty_filled,order_quantity,fill_ratio,fill_rate_pct,num_fills,avg_fill_size,fill_status,vwap,arrival_midpoint,arrival_bid,arrival_offer,arrival_spread,arrival_spread_bps,limit_price,price_improvement,price_improvement_bps,exec_cost_arrival_bps,exec_cost_vw_bps,effective_spread_pct,slippage_bps,implementation_shortfall_bps,total_execution_value,order_timestamp,first_fill_time,last_fill_time,time_to_first_fill_sec,execution_duration_sec,total_duration_sec,avg_time_between_fills,vw_exec_time_sec,first_fill_midpoint,last_fill_midpoint,market_drift_bps,avg_execution_spread_bps,spread_volatility_bps,price_volatility_bps,date,orderbookid_partition,ticker
7900722229395881555,85603,48.0,144.0,0.3333333333333333,33.33333333333333,3.0,16.0,Partially Filled,140640.0,140560.0,140550.0,140570.0,20.0,1.4228799089356858,140640.0,0.0,0.0,-5.691519635742743,-0.7110858280594469,800.0,-5.691519635742743,5.691519635742743,6750720.0,1725508483455950282,1725508436226344809,1725508439500739473,0.0,3.274394664,0.0,1.637197332,0.0,140630.0,140630.0,0.0,1.4221716561188937,0.0,0.0,2024-09-05,85603,cba
7904793995828941952,85603,11.0,40.0,0.275,27.500000000000004,1.0,11.0,Partially Filled,140840.0,140900.0,140850.0,140950.0,100.0,7.097232079488999,140840.0,0.0,0.0,-4.258339247693399,-4.258339247693399,120.0,-4.258339247693399,-4.258339247693399,1549240.0,1725494565453703348,1725494563989299698,1725494563989299698,0.0,0.0,0.0,0.0,0.0,140900.0,140900.0,0.0,8.516678495386799,0.0,0.0,2024-09-05,85603,cba
7904793995828942449,85603,38.0,50.0,0.76,76.0,1.0,38.0,Partially Filled,140800.0,140865.0,140800.0,140930.0,130.0,9.228694139779222,140800.0,0.0,0.0,-4.614347069889611,-4.614347069889611,100.0,-4.614347069889611,-4.614347069889611,5350400.0,1725494569145266565,1725494569145088778,1725494569145088778,0.0,0.0,0.0,0.0,0.0,140865.0,140865.0,0.0,9.228694139779222,0.0,0.0,2024-09-05,85603,cba
7904793995828942521,85603,11.0,26.0,0.4230769230769231,42.30769230769231,1.0,11.0,Partially Filled,140950.0,140745.0,140700.0,140790.0,90.0,6.394543323031014,140950.0,0.0,0.0,-14.565348680237308,-3.193641105709521,455.55555555555554,-14.565348680237308,14.565348680237308,1550450.0,1725494570822539611,1725494568180173462,1725494568180173462,0.0,0.0,0.0,0.0,0.0,140905.0,140905.0,0.0,6.387282211419041,0.0,0.0,2024-09-05,85603,cba
7904793995828949476,85603,2.0,13.0,0.15384615384615385,15.384615384615385,1.0,2.0,Partially Filled,140440.0,140605.0,140580.0,140630.0,50.0,3.556061306496924,140440.0,0.0,0.0,-11.73500231143985,-3.2031889525572126,660.0,-11.73500231143985,-11.73500231143985,280880.0,1725494691438274935,1725494612186839069,1725494612186839069,0.0,0.0,0.0,0.0,0.0,140485.0,140485.0,0.0,6.406377905114425,0.0,0.0,2024-09-05,85603,cba
7904793995828955202,85603,10.0,25.0,0.4,40.0,1.0,10.0,Partially Filled,140480.0,140950.0,140940.0,140960.0,20.0,1.4189428875487762,140480.0,0.0,0.0,-33.34515785739624,-3.557959154628905,4700.0,-33.34515785739624,-33.34515785739624,1404800.0,1725494960447970720,1725494646041237996,1725494646041237996,0.0,0.0,0.0,0.0,0.0,140530.0,140530.0,0.0,7.11591830925781,0.0,0.0,2024-09-05,85603,cba
7904793995828967999,85603,1.0,9.0,0.1111111111111111,11.11111111111111,1.0,1.0,Partially Filled,140630.0,140610.0,140600.0,140620.0,20.0,1.4223739421093806,140630.0,0.0,0.0,-1.4223739421093806,-1.778030653248462,200.0,-1.4223739421093806,1.4223739421093806,140630.0,1725494704327448375,1725494699259119786,1725494699259119786,0.0,0.0,0.0,0.0,0.0,140605.0,140605.0,0.0,3.556061306496924,0.0,0.0,2024-09-05,85603,cba
7904793995828973315,85603,10.0,14.0,0.7142857142857143,71.42857142857143,1.0,10.0,Partially Filled,140720.0,140590.0,140560.0,140620.0,60.0,4.2677288569599545,140720.0,0.0,0.0,-9.246745856746568,-1.066060196865783,433.3333333333333,-9.246745856746568,9.246745856746568,1407200.0,1725494733326867669,1725494723758843417,1725494723758843417,0.0,0.0,0.0,0.0,0.0,140705.0,140705.0,0.0,2.132120393731566,0.0,0.0,2024-09-05,85603,cba
7904793995828982578,85603,11.0,18.0,0.6111111111111112,61.111111111111114,1.0,11.0,Partially Filled,140760.0,140720.0,140710.0,140730.0,20.0,1.4212620807276861,140760.0,0.0,0.0,-2.8425241614553722,-1.4210601108426886,400.0,-2.8425241614553722,2.8425241614553722,1548360.0,1725494784468920107,1725494773212410384,1725494773212410384,0.0,0.0,0.0,0.0,0.0,140740.0,140740.0,0.0,2.842120221685377,0.0,0.0,2024-09-05,85603,cba
7904793995828988506,85603,22.0,25.0,0.88,88.0,1.0,22.0,Partially Filled,140680.0,140640.0,140620.0,140660.0,40.0,2.844141069397042,140680.0,0.0,0.0,-2.844141069397042,-2.132954141485958,200.0,-2.844141069397042,2.844141069397042,3094960.0,1725494794039526729,1725494790147509877,1725494790147509877,0.0,0.0,0.0,0.0,0.0,140650.0,140650.0,0.0,4.265908282971916,0.0,0.0,2024-09-05,85603,cba
7904793995828993037,85603,13.0,52.0,0.25,25.0,2.0,6.5,Partially Filled,140670.0,140625.0,140620.0,140630.0,10.0,0.711111111111111,140670.0,0.0,0.0,-3.2,-1.4219694276573054,900.0,-3.2,3.2,1828710.0,1725494822620349744,1725494804034825036,1725494808535684394,0.0,4.500859358,0.0,4.500859358,0.0,140650.0,140650.0,0.0,2.8439388553146108,0.0,0.0,2024-09-05,85603,cba
7904793995829011298,85603,9.0,76.0,0.11842105263157894,11.842105263157894,1.0,9.0,Partially Filled,140730.0,140865.0,140850.0,140880.0,30.0,2.1296986476413586,140830.0,100.0,7.100759781296598,-9.583643914386114,-1.7761358388689568,900.0,-9.583643914386114,-9.583643914386114,1266570.0,1725494908495278406,1725494896999404631,1725494896999404631,0.0,0.0,0.0,0.0,0.0,140755.0,140755.0,0.0,3.5522716777379135,0.0,0.0,2024-09-05,85603,cba
7904793995829013548,85603,17.0,50.0,0.34,34.0,1.0,17.0,Partially Filled,140870.0,140850.0,140830.0,140870.0,40.0,2.8399006034788785,140870.0,0.0,0.0,-1.4199503017394393,-1.4199503017394393,100.0,-1.4199503017394393,1.4199503017394393,2394790.0,1725494906100823758,1725494906100350760,1725494906100350760,0.0,0.0,0.0,0.0,0.0,140850.0,140850.0,0.0,2.8399006034788785,0.0,0.0,2024-09-05,85603,cba
7904793995829013657,85603,18.0,24.0,0.75,75.0,1.0,18.0,Partially Filled,140870.0,140850.0,140830.0,140870.0,40.0,2.8399006034788785,140870.0,0.0,0.0,-1.4199503017394393,-1.4199503017394393,100.0,-1.4199503017394393,1.4199503017394393,2535660.0,1725494907181149701,1725494907175031044,1725494907175031044,0.0,0.0,0.0,0.0,0.0,140850.0,140850.0,0.0,2.8399006034788785,0.0,0.0,2024-09-05,85603,cba
7904793995829016884,85603,7.0,25.0,0.28,28.000000000000004,1.0,7.0,Partially Filled,140850.0,140820.0,140790.0,140850.0,60.0,4.260758414997869,140850.0,0.0,0.0,-2.1303792074989345,-2.1303792074989345,100.0,-2.1303792074989345,2.1303792074989345,985950.0,1725494920280808018,1725494920275463014,1725494920275463014,0.0,0.0,0.0,0.0,0.0,140820.0,140820.0,0.0,4.260758414997869,0.0,0.0,2024-09-05,85603,cba
7904793995829016973,85603,19.0,25.0,0.76,76.0,1.0,19.0,Partially Filled,140840.0,140820.0,140790.0,140850.0,60.0,4.260758414997869,140840.0,0.0,0.0,-1.42025280499929,-1.7753790434257712,66.66666666666666,-1.42025280499929,1.42025280499929,2675960.0,1725494920364629904,1725494920287997395,1725494920287997395,0.0,0.0,0.0,0.0,0.0,140815.0,140815.0,0.0,3.5507580868515425,0.0,0.0,2024-09-05,85603,cba
7904793995829019977,85603,18.0,25.0,0.72,72.0,1.0,18.0,Partially Filled,140880.0,140860.0,140840.0,140880.0,40.0,2.839698991906858,140880.0,0.0,0.0,-1.419849495953429,-1.419849495953429,100.0,-1.419849495953429,1.419849495953429,2535840.0,1725494947932167245,1725494947932016009,1725494947932016009,0.0,0.0,0.0,0.0,0.0,140860.0,140860.0,0.0,2.839698991906858,0.0,0.0,2024-09-05,85603,cba
7904793995829034881,85603,18.0,50.0,0.36,36.0,1.0,18.0,Partially Filled,141120.0,141100.0,141080.0,141120.0,40.0,2.8348688873139616,141120.0,0.0,0.0,-1.4174344436569808,-2.12630236019562,100.0,-1.4174344436569808,1.4174344436569808,2540160.0,1725494978469912566,1725494976077359391,1725494976077359391,0.0,0.0,0.0,0.0,0.0,141090.0,141090.0,0.0,4.25260472039124,0.0,0.0,2024-09-05,85603,cba
7904793995829045978,85603,16.0,25.0,0.64,64.0,1.0,16.0,Partially Filled,141160.0,141145.0,141130.0,141160.0,30.0,2.1254738035353715,141160.0,0.0,0.0,-1.0627369017676858,-1.0627369017676858,100.0,-1.0627369017676858,1.0627369017676858,2258560.0,1725495010287432193,1725495010287312960,1725495010287312960,0.0,0.0,0.0,0.0,0.0,141145.0,141145.0,0.0,2.1254738035353715,0.0,0.0,2024-09-05,85603,cba
7904793995829047272,85603,23.0,25.0,0.92,92.0,1.0,23.0,Partially Filled,141140.0,141205.0,141170.0,141240.0,70.0,4.9573315392514425,141140.0,0.0,0.0,-4.6032364293049115,-2.8332625017707893,185.71428571428572,-4.6032364293049115,-4.6032364293049115,3246220.0,1725495038346914980,1725495014390712652,1725495014390712652,0.0,0.0,0.0,0.0,0.0,141180.0,141180.0,0.0,2.833262501770789,0.0,0.0,2024-09-05,85603,cba
7904793995829048708,85603,29.0,33.0,0.8787878787878788,87.87878787878788,1.0,29.0,Partially Filled,141250.0,141255.0,141240.0,141270.0,30.0,2.123818625889349,141250.0,0.0,0.0,-0.35396977098155813,-1.0618341415070964,33.33333333333333,-0.35396977098155813,-0.35396977098155813,4096250.0,1725495020208457237,1725495020003604207,1725495020003604207,0.0,0.0,0.0,0.0,0.0,141265.0,141265.0,0.0,2.123668283014193,0.0,0.0,2024-09-05,85603,cba
7904793995829049110,85603,10.0,12.0,0.8333333333333334,83.33333333333334,1.0,10.0,Partially Filled,141210.0,141270.0,141270.0,141270.0,0.0,0.0,141210.0,0.0,0.0,-4.247186239116585,-4.600955583082641,,-4.247186239116585,-4.247186239116585,1412100.0,1725495032702700418,1725495032702371126,1725495032702371126,0.0,0.0,0.0,0.0,0.0,141275.0,141275.0,0.0,0.7078393204742524,0.0,0.0,2024-09-05,85603,cba
7904793995829049141,85603,35.0,58.0,0.603448275862069,60.3448275862069,1.0,35.0,Partially Filled,141240.0,141235.0,141220.0,141250.0,30.0,2.1241193755089034,141240.0,0.0,0.0,0.3540198959181506,-0.35399483167545753,33.33333333333333,0.3540198959181506,0.3540198959181506,4943400.0,1725495019321976486,1725495019313651998,1725495019313651998,0.0,0.0,0.0,0.0,0.0,141245.0,141245.0,0.0,0.7079896633509151,0.0,0.0,2024-09-05,85603,cba
7904793995829051967,85603,6.0,25.0,0.24,24.0,1.0,6.0,Partially Filled,141330.0,141305.0,141280.0,141330.0,50.0,3.538445207175967,141330.0,0.0,0.0,-1.7692226035879834,-2.1231422505307855,100.0,-1.7692226035879834,1.7692226035879834,847980.0,1725496100158256456,1725496100157939495,1725496100157939495,0.0,0.0,0.0,0.0,0.0,141300.0,141300.0,0.0,2.8308563340410475,0.0,0.0,2024-09-05,85603,cba
7904793995829052243,85603,19.0,25.0,0.76,76.0,1.0,19.0,Partially Filled,141290.0,141285.0,141270.0,141300.0,30.0,2.1233676611105214,141290.0,0.0,0.0,-0.3538946101850869,-0.7078142695356738,33.33333333333333,-0.3538946101850869,0.3538946101850869,2684510.0,1725495028882681775,1725495028882424993,1725495028882424993,0.0,0.0,0.0,0.0,0.0,141280.0,141280.0,0.0,1.4156285390713477,0.0,0.0,2024-09-05,85603,cba
7904793995829054352,85603,15.0,25.0,0.6,60.0,1.0,15.0,Partially Filled,141260.0,141265.0,141260.0,141270.0,10.0,0.7078894276713977,141260.0,0.0,0.0,0.35394471383569887,0.0,100.0,0.35394471383569887,-0.35394471383569887,2118900.0,1725495037546434696,1725495037546208826,1725495037546208826,0.0,0.0,0.0,0.0,0.0,141260.0,141260.0,0.0,0.0,0.0,0.0,2024-09-05,85603,cba
7904793995829054518,85603,1.0,25.0,0.04,4.0,1.0,1.0,Partially Filled,141260.0,141230.0,141220.0,141240.0,20.0,1.4161297174821215,141260.0,0.0,0.0,-2.124194576223182,-2.124194576223182,300.0,-2.124194576223182,2.124194576223182,141260.0,1725495691460492177,1725495441311466880,1725495441311466880,0.0,0.0,0.0,0.0,0.0,141230.0,141230.0,0.0,4.248389152446364,0.0,0.0,2024-09-05,85603,cba
7904793995829058810,85603,12.0,3.0,4.0,400.0,1.0,12.0,Fully Filled,141210.0,141110.0,141090.0,141130.0,40.0,2.8346679895117286,141210.0,0.0,0.0,-7.086669973779322,-2.124946876328092,500.0,-7.086669973779322,7.086669973779322,1694520.0,1725495077353594779,1725495065012381753,1725495065012381753,0.0,0.0,0.0,0.0,0.0,141180.0,141180.0,0.0,4.249893752656184,0.0,0.0,2024-09-05,85603,cba
7904793995829063557,85603,14.0,25.0,0.56,56.00000000000001,1.0,14.0,Partially Filled,141120.0,141100.0,141080.0,141120.0,40.0,2.8348688873139616,141120.0,0.0,0.0,-1.4174344436569808,-1.4174344436569808,100.0,-1.4174344436569808,1.4174344436569808,1975680.0,1725495075864793501,1725495075864546564,1725495075864546564,0.0,0.0,0.0,0.0,0.0,141100.0,141100.0,0.0,2.8348688873139616,0.0,0.0,2024-09-05,85603,cba
7904793995829066120,85603,1.0,25.0,0.04,4.0,1.0,1.0,Partially Filled,141100.0,141070.0,141040.0,141100.0,60.0,4.253207627419012,141100.0,0.0,0.0,-2.126603813709506,-2.126603813709506,100.0,-2.126603813709506,2.126603813709506,141100.0,1725495099189803968,1725495099189661645,1725495099189661645,0.0,0.0,0.0,0.0,0.0,141070.0,141070.0,0.0,4.253207627419012,0.0,0.0,2024-09-05,85603,cba
7904793995829075418,85603,24.0,25.0,0.96,96.0,1.0,24.0,Partially Filled,141000.0,141020.0,141000.0,141040.0,40.0,2.8364770954474543,141000.0,0.0,0.0,-1.4182385477237271,-1.4182385477237271,100.0,-1.4182385477237271,-1.4182385477237271,3384000.0,1725495135405847919,1725495135405498586,1725495135405498586,0.0,0.0,0.0,0.0,0.0,141020.0,141020.0,0.0,2.8364770954474543,0.0,0.0,2024-09-05,85603,cba
7904793995829084533,85603,28.0,34.0,0.8235294117647058,82.35294117647058,2.0,14.0,Partially Filled,141060.0,141050.0,141040.0,141060.0,20.0,1.4179369018078696,141060.0,0.0,0.0,-0.7089684509039348,-0.7089684509039349,100.0,-0.7089684509039348,0.7089684509039348,3949680.0,1725495206332244024,1725495206319024013,1725495206332086150,0.0,0.013062137,0.0,0.013062137,0.0,141050.0,141050.0,0.0,1.4179369018078696,0.0,0.0,2024-09-05,85603,cba
7904793995829085852,85603,22.0,25.0,0.88,88.0,1.0,22.0,Partially Filled,141040.0,141000.0,140990.0,141010.0,20.0,1.4184397163120568,141040.0,0.0,0.0,-2.8368794326241136,-2.12750868732714,400.0,-2.8368794326241136,2.8368794326241136,3102880.0,1725495195069981473,1725495176555306983,1725495176555306983,0.0,0.0,0.0,0.0,0.0,141010.0,141010.0,0.0,4.25501737465428,0.0,0.0,2024-09-05,85603,cba
7904793995829091718,85603,11.0,23.0,0.4782608695652174,47.82608695652174,1.0,11.0,Partially Filled,141030.0,141085.0,141080.0,141090.0,10.0,0.7087925718538469,141030.0,0.0,0.0,-3.8983591451961583,-0.3545219271811962,1100.0,-3.8983591451961583,-3.8983591451961583,1551330.0,1725495216930403878,1725495203795057790,1725495203795057790,0.0,0.0,0.0,0.0,0.0,141035.0,141035.0,0.0,0.7090438543623924,0.0,0.0,2024-09-05,85603,cba
7904793995829094807,85603,6.0,25.0,0.24,24.0,1.0,6.0,Partially Filled,141070.0,141070.0,141060.0,141080.0,20.0,1.4177358758063374,141070.0,0.0,0.0,-0.0,-0.354446531740687,0.0,-0.0,0.0,846420.0,1725495221894456104,1725495221817456955,1725495221817456955,0.0,0.0,0.0,0.0,0.0,141065.0,141065.0,0.0,0.7088930634813739,0.0,0.0,2024-09-05,85603,cba
7904793995829095366,85603,12.0,16.0,0.75,75.0,1.0,12.0,Partially Filled,141070.0,141065.0,141060.0,141070.0,10.0,0.7088930634813739,141070.0,0.0,0.0,-0.35444653174068697,-0.354446531740687,100.0,-0.35444653174068697,0.35444653174068697,1692840.0,1725495227768358763,1725495225423060645,1725495225423060645,0.0,0.0,0.0,0.0,0.0,141065.0,141065.0,0.0,0.7088930634813739,0.0,0.0,2024-09-05,85603,cba
7904793995829097283,85603,2.0,3.0,0.6666666666666666,66.66666666666666,1.0,2.0,Partially Filled,141090.0,141035.0,141020.0,141050.0,30.0,2.1271315630871768,141090.0,0.0,0.0,-3.8997411989931576,-1.7722326587034347,366.66666666666663,-3.8997411989931576,3.8997411989931576,282180.0,1725495245905628521,1725495235506260679,1725495235506260679,0.0,0.0,0.0,0.0,0.0,141065.0,141065.0,0.0,3.5444653174068694,0.0,0.0,2024-09-05,85603,cba
7904793995829116959,85603,30.0,34.0,0.8823529411764706,88.23529411764706,2.0,15.0,Partially Filled,141080.0,141080.0,141060.0,141100.0,40.0,2.835270768358378,141080.0,0.0,0.0,0.0,-0.70876745339854,0.0,0.0,0.0,4232400.0,1725495328155974030,1725495327301554849,1725495327665796052,0.0,0.364241203,0.0,0.364241203,0.0,141090.0,141090.0,0.0,1.41753490679708,0.0,0.0,2024-09-05,85603,cba
7904793995829117428,85603,10.0,25.0,0.4,40.0,1.0,10.0,Partially Filled,141060.0,141070.0,141060.0,141080.0,20.0,1.4177358758063374,141060.0,0.0,0.0,-0.7088679379031687,-0.7088679379031687,100.0,-0.7088679379031687,-0.7088679379031687,1410600.0,1725495335198694131,1725495329307040499,1725495329307040499,0.0,0.0,0.0,0.0,0.0,141070.0,141070.0,0.0,1.4177358758063374,0.0,0.0,2024-09-05,85603,cba
7904793995829125247,85603,1.0,25.0,0.04,4.0,1.0,1.0,Partially Filled,141130.0,141125.0,141120.0,141130.0,10.0,0.70859167404783,141130.0,0.0,0.0,-0.354295837023915,-0.354295837023915,100.0,-0.354295837023915,0.354295837023915,141130.0,1725495360447214386,1725495359969676722,1725495359969676722,0.0,0.0,0.0,0.0,0.0,141125.0,141125.0,0.0,0.70859167404783,0.0,0.0,2024-09-05,85603,cba
7904793995829140435,85603,19.0,25.0,0.76,76.0,2.0,9.5,Partially Filled,141180.0,141190.0,141180.0,141200.0,20.0,1.416530915787237,141180.0,0.0,0.0,-0.7082654578936185,-0.7082654578936185,100.0,-0.7082654578936185,-0.7082654578936185,2682420.0,1725495440755627423,1725495440754908197,1725495440755504040,0.0,0.000595843,0.0,0.000595843,0.0,141190.0,141190.0,0.0,1.416530915787237,0.0,0.0,2024-09-05,85603,cba
7904793995829142735,85603,10.0,25.0,0.4,40.0,1.0,10.0,Partially Filled,141170.0,141185.0,141170.0,141200.0,30.0,2.1248716223394837,141170.0,0.0,0.0,-1.0624358111697418,-1.0624358111697418,100.0,-1.0624358111697418,-1.0624358111697418,1411700.0,1725495458651312767,1725495458084925782,1725495458084925782,0.0,0.0,0.0,0.0,0.0,141185.0,141185.0,0.0,2.1248716223394837,0.0,0.0,2024-09-05,85603,cba
7904793995829144472,85603,22.0,33.0,0.6666666666666666,66.66666666666666,1.0,22.0,Partially Filled,141230.0,141205.0,141190.0,141220.0,30.0,2.12457065967919,141230.0,0.0,0.0,-1.7704755497326583,-1.4163302882232138,166.66666666666669,-1.7704755497326583,1.7704755497326583,3107060.0,1725495470285408997,1725495466199871711,1725495466199871711,0.0,0.0,0.0,0.0,0.0,141210.0,141210.0,0.0,2.8326605764464277,0.0,0.0,2024-09-05,85603,cba
7904793995829149500,85603,2.0,31.0,0.06451612903225806,6.451612903225806,2.0,1.0,Partially Filled,141290.0,141275.0,141260.0,141290.0,30.0,2.123517961422757,141290.0,0.0,0.0,-1.0617589807113785,-1.0617589807113785,100.0,-1.0617589807113785,1.0617589807113785,282580.0,1725495709264953966,1725495709264798161,1725495709264913682,0.0,0.000115521,0.0,0.000115521,0.0,141275.0,141275.0,0.0,2.123517961422757,0.0,0.0,2024-09-05,85603,cba
7904793995829184435,85603,19.0,25.0,0.76,76.0,1.0,19.0,Partially Filled,141240.0,141250.0,141240.0,141260.0,20.0,1.415929203539823,141240.0,0.0,0.0,-0.7079646017699115,-0.7079646017699115,100.0,-0.7079646017699115,-0.7079646017699115,2683560.0,1725495699489050743,1725495696183118352,1725495696183118352,0.0,0.0,0.0,0.0,0.0,141250.0,141250.0,0.0,1.415929203539823,0.0,0.0,2024-09-05,85603,cba
7904793995829185106,85603,1.0,9.0,0.1111111111111111,11.11111111111111,1.0,1.0,Partially Filled,141290.0,141245.0,141230.0,141260.0,30.0,2.123968990052745,141290.0,0.0,0.0,-3.185953485079118,-0.7078142695356738,300.0,-3.185953485079118,3.185953485079118,141290.0,1725495714324567000,1725495710778553805,1725495710778553805,0.0,0.0,0.0,0.0,0.0,141280.0,141280.0,0.0,1.4156285390713477,0.0,0.0,2024-09-05,85603,cba
7904793995829187975,85603,23.0,43.0,0.5348837209302325,53.48837209302325,1.0,23.0,Partially Filled,141270.0,141275.0,141270.0,141280.0,10.0,0.7078393204742524,141270.0,0.0,0.0,-0.3539196602371262,-0.7078142695356738,100.0,-0.3539196602371262,-0.3539196602371262,3249210.0,1725495712630758338,1725495710864025299,1725495710864025299,0.0,0.0,0.0,0.0,0.0,141280.0,141280.0,0.0,1.4156285390713477,0.0,0.0,2024-09-05,85603,cba
7904793995829189191,85603,10.0,28.0,0.35714285714285715,35.714285714285715,1.0,10.0,Partially Filled,141260.0,141190.0,141170.0,141210.0,40.0,2.833061831574474,141260.0,0.0,0.0,-4.957858205255329,-0.35396977098155813,350.0,-4.957858205255329,4.957858205255329,1412600.0,1725495732417256455,1725495721816001026,1725495721816001026,0.0,0.0,0.0,0.0,0.0,141255.0,141255.0,0.0,0.7079395419631163,0.0,0.0,2024-09-05,85603,cba
7904793995829216568,85603,11.0,25.0,0.44,44.0,2.0,5.5,Partially Filled,141150.0,141115.0,141080.0,141150.0,70.0,4.9604932147539245,141150.0,0.0,0.0,-2.4802466073769622,-2.8024478638631134,100.0,-2.4802466073769622,2.4802466073769622,1552650.0,1725495946387375457,1725495946383225727,1725495946384809642,0.0,0.001583915,0.0,0.001583915,0.0,141110.0,141115.0,0.3543334986889661,5.314914596888691,0.35442138213476637,0.0,2024-09-05,85603,cba
7904793995829216807,85603,1.0,6.0,0.16666666666666666,16.666666666666664,1.0,1.0,Partially Filled,141130.0,141080.0,141070.0,141090.0,20.0,1.417635384179189,141130.0,0.0,0.0,-3.5440884604479725,-2.4805981785321944,500.0,-3.5440884604479725,3.5440884604479725,141130.0,1725495904857128692,1725495866927724411,1725495866927724411,0.0,0.0,0.0,0.0,0.0,141095.0,141095.0,0.0,4.961196357064389,0.0,0.0,2024-09-05,85603,cba
7904793995829217512,85603,5.0,4.0,1.25,125.0,1.0,5.0,Fully Filled,141110.0,141040.0,141020.0,141060.0,40.0,2.836074872376631,141110.0,0.0,0.0,-4.963131026659103,-0.7087172218284904,350.0,-4.963131026659103,4.963131026659103,705550.0,1725495915864730127,1725495892463070126,1725495892463070126,0.0,0.0,0.0,0.0,0.0,141100.0,141100.0,0.0,1.4174344436569808,0.0,0.0,2024-09-05,85603,cba
7904793995829220506,85603,8.0,25.0,0.32,32.0,1.0,8.0,Partially Filled,141090.0,141085.0,141070.0,141100.0,30.0,2.126377715561541,141090.0,0.0,0.0,-0.35439628592692346,-0.7088176920895946,33.33333333333333,-0.35439628592692346,0.35439628592692346,1128720.0,1725495890481472773,1725495890481324460,1725495890481324460,0.0,0.0,0.0,0.0,0.0,141080.0,141080.0,0.0,1.417635384179189,0.0,0.0,2024-09-05,85603,cba
7904793995829232168,85603,10.0,21.0,0.47619047619047616,47.61904761904761,1.0,10.0,Partially Filled,141110.0,141260.0,141250.0,141270.0,20.0,1.4158289678606824,141110.0,0.0,0.0,-10.618717258955119,-1.417133139658471,1500.0,-10.618717258955119,-10.618717258955119,1411100.0,1725496002533649201,1725495956323181120,1725495956323181120,0.0,0.0,0.0,0.0,0.0,141130.0,141130.0,0.0,2.834266279316942,0.0,0.0,2024-09-05,85603,cba
7904793995829233336,85603,448.0,468.0,0.9572649572649573,95.72649572649573,5.0,89.6,Partially Filled,141167.85714285713,141200.0,141180.0,141220.0,40.0,2.8328611898016995,141170.0,2.142857142869616,0.15179267145070593,-2.276406313234392,-2.4912063396211788,160.71428571434808,-2.276406313234392,-2.276406313234687,63243200.0,1725495972838274283,1725495961945021278,1725495968707028908,0.0,6.76200763,0.0,1.6905019075,0.0,141145.0,141210.0,4.605193240993305,-0.28352695663145633,0.849928622427335,0.6335912502339577,2024-09-05,85603,cba
7904793995829244591,85603,2.0,25.0,0.08,8.0,1.0,2.0,Partially Filled,141290.0,141285.0,141270.0,141300.0,30.0,2.1233676611105214,141290.0,0.0,0.0,-0.3538946101850869,-0.7078142695356738,33.33333333333333,-0.3538946101850869,0.3538946101850869,282580.0,1725496018642759314,1725496018184086077,1725496018184086077,0.0,0.0,0.0,0.0,0.0,141280.0,141280.0,0.0,1.4156285390713477,0.0,0.0,2024-09-05,85603,cba
7904793995829250887,85603,5.0,25.0,0.2,20.0,1.0,5.0,Partially Filled,141270.0,141255.0,141240.0,141270.0,30.0,2.123818625889349,141270.0,0.0,0.0,-1.0619093129446746,-1.0619093129446746,100.0,-1.0619093129446746,1.0619093129446746,706350.0,1725496050897826679,1725496050897670384,1725496050897670384,0.0,0.0,0.0,0.0,0.0,141255.0,141255.0,0.0,2.123818625889349,0.0,0.0,2024-09-05,85603,cba
7904793995829255468,85603,17.0,21.0,0.8095238095238095,80.95238095238095,1.0,17.0,Partially Filled,141210.0,141400.0,141380.0,141420.0,40.0,2.828854314002829,141210.0,0.0,0.0,-13.437057991513438,-0.708114997875655,950.0,-13.437057991513438,-13.437057991513438,2400570.0,1725496119920840565,1725496087373167623,1725496087373167623,0.0,0.0,0.0,0.0,0.0,141220.0,141220.0,0.0,1.41622999575131,0.0,0.0,2024-09-05,85603,cba
7904793995829257650,85603,1.0,25.0,0.04,4.0,1.0,1.0,Partially Filled,141230.0,141225.0,141220.0,141230.0,10.0,0.7080899274207825,141230.0,0.0,0.0,-0.35404496371039124,-0.708114997875655,100.0,-0.35404496371039124,0.35404496371039124,141230.0,1725496087385681766,1725496087375858164,1725496087375858164,0.0,0.0,0.0,0.0,0.0,141220.0,141220.0,0.0,1.41622999575131,0.0,0.0,2024-09-05,85603,cba
7904793995829258593,85603,4.0,48.0,0.08333333333333333,8.333333333333332,1.0,4.0,Partially Filled,141220.0,141340.0,141330.0,141350.0,20.0,1.4150275930380645,141330.0,110.0,7.783202434019671,-8.490165558228385,-0.7080648587410607,1200.0,-8.490165558228385,-8.490165558228385,564880.0,1725496106131357766,1725496094948405636,1725496094948405636,0.0,0.0,0.0,0.0,0.0,141230.0,141230.0,0.0,1.4161297174821215,0.0,0.0,2024-09-05,85603,cba
7904793995829260680,85603,12.0,22.0,0.5454545454545454,54.54545454545454,1.0,12.0,Partially Filled,141400.0,141380.0,141350.0,141410.0,60.0,4.243881737162258,141400.0,0.0,0.0,-1.4146272457207527,-1.7683465959328029,66.66666666666666,-1.4146272457207527,1.4146272457207527,1696800.0,1725496109500972341,1725496109500798866,1725496109500798866,0.0,0.0,0.0,0.0,0.0,141375.0,141375.0,0.0,3.5366931918656057,0.0,0.0,2024-09-05,85603,cba
7904793995829263138,85603,20.0,25.0,0.8,80.0,2.0,10.0,Partially Filled,141420.0,141400.0,141380.0,141420.0,40.0,2.828854314002829,141420.0,0.0,0.0,-1.4144271570014144,-1.4144271570014144,100.0,-1.4144271570014144,1.4144271570014144,2828400.0,1725496113176882913,1725496112200655764,1725496112922278886,0.0,0.721623122,0.0,0.721623122,0.0,141400.0,141400.0,0.0,2.828854314002829,0.0,0.0,2024-09-05,85603,cba
7904793995829263211,85603,11.0,11.0,1.0,100.0,1.0,11.0,Fully Filled,141430.0,141380.0,141360.0,141400.0,40.0,2.8292544914415054,141430.0,0.0,0.0,-3.5365681143018817,-2.1216407355021216,250.0,-3.5365681143018817,3.5365681143018817,1555730.0,1725496127551614539,1725496118052070242,1725496118052070242,0.0,0.0,0.0,0.0,0.0,141400.0,141400.0,0.0,2.828854314002829,0.0,0.0,2024-09-05,85603,cba
7904793995829265571,85603,1.0,18.0,0.05555555555555555,5.555555555555555,1.0,1.0,Partially Filled,141400.0,141235.0,141200.0,141270.0,70.0,4.9562785428541085,141400.0,0.0,0.0,-11.68265656529897,-1.4146272457207527,471.42857142857144,-11.68265656529897,11.68265656529897,141400.0,1725496138596267668,1725496131358423502,1725496131358423502,0.0,0.0,0.0,0.0,0.0,141380.0,141380.0,0.0,2.8292544914415054,0.0,0.0,2024-09-05,85603,cba
7904793995829266573,85603,2.0,25.0,0.08,8.0,1.0,2.0,Partially Filled,141340.0,141325.0,141300.0,141350.0,50.0,3.537944454272068,141340.0,0.0,0.0,-1.0613833362816203,-2.4769116450231765,60.0,-1.0613833362816203,1.0613833362816203,282680.0,1725497142806509116,1725496132431420963,1725496132431420963,0.0,0.0,0.0,0.0,0.0,141305.0,141305.0,0.0,4.953823290046353,0.0,0.0,2024-09-05,85603,cba
7904793995829266755,85603,13.0,25.0,0.52,52.0,1.0,13.0,Partially Filled,141280.0,141245.0,141220.0,141270.0,50.0,3.5399483167545758,141280.0,0.0,0.0,-2.477963821728203,-0.7078643731860976,140.0,-2.477963821728203,2.477963821728203,1836640.0,1725496132324301241,1725496132314696760,1725496132314696760,0.0,0.0,0.0,0.0,0.0,141270.0,141270.0,0.0,1.4157287463721953,0.0,0.0,2024-09-05,85603,cba
7904793995829266856,85603,16.0,25.0,0.64,64.0,1.0,16.0,Partially Filled,141320.0,141250.0,141210.0,141290.0,80.0,5.663716814159292,141320.0,0.0,0.0,-4.95575221238938,-4.95575221238938,175.0,-4.95575221238938,4.95575221238938,2261120.0,1725496132402920728,1725496132402624723,1725496132402624723,0.0,0.0,0.0,0.0,0.0,141250.0,141250.0,0.0,5.663716814159292,0.0,0.0,2024-09-05,85603,cba
7904793995829266862,85603,3.0,25.0,0.12,12.0,1.0,3.0,Partially Filled,141260.0,141235.0,141210.0,141260.0,50.0,3.540198959181506,141260.0,0.0,0.0,-1.770099479590753,-1.770099479590753,100.0,-1.770099479590753,1.770099479590753,423780.0,1725496132388680559,1725496132383417439,1725496132383417439,0.0,0.0,0.0,0.0,0.0,141235.0,141235.0,0.0,3.540198959181506,0.0,0.0,2024-09-05,85603,cba
7904793995829268209,85603,30.0,31.0,0.967741935483871,96.7741935483871,1.0,30.0,Partially Filled,141290.0,141260.0,141230.0,141290.0,60.0,4.247486903582047,141290.0,0.0,0.0,-2.1237434517910234,-2.1237434517910234,100.0,-2.1237434517910234,2.1237434517910234,4238700.0,1725496140910438205,1725496140905257246,1725496140905257246,0.0,0.0,0.0,0.0,0.0,141260.0,141260.0,0.0,4.247486903582047,0.0,0.0,2024-09-05,85603,cba
7904793995829270005,85603,13.0,25.0,0.52,52.0,2.0,6.5,Partially Filled,141290.0,141270.0,141250.0,141290.0,40.0,2.8314574927443905,141290.0,0.0,0.0,-1.4157287463721953,-1.4157287463721953,100.0,-1.4157287463721953,1.4157287463721953,1836770.0,1725497131886622743,1725497131884021214,1725497131885636405,0.0,0.001615191,0.0,0.001615191,0.0,141270.0,141270.0,0.0,2.8314574927443905,0.0,0.0,2024-09-05,85603,cba
7904793995829270145,85603,12.0,25.0,0.48,48.0,1.0,12.0,Partially Filled,141270.0,141245.0,141210.0,141280.0,70.0,4.955927643456406,141270.0,0.0,0.0,-1.7699741583772879,-1.4159292035398228,71.42857142857143,-1.7699741583772879,1.7699741583772879,1695240.0,1725496148687651417,1725496147751132250,1725496147751132250,0.0,0.0,0.0,0.0,0.0,141250.0,141250.0,0.0,2.831858407079646,0.0,0.0,2024-09-05,85603,cba
7904793995829276451,85603,6.0,25.0,0.24,24.0,1.0,6.0,Partially Filled,141240.0,141225.0,141210.0,141240.0,30.0,2.1242697822623473,141240.0,0.0,0.0,-1.0621348911311737,-1.0621348911311737,100.0,-1.0621348911311737,1.0621348911311737,847440.0,1725496193199621173,1725496193199451048,1725496193199451048,0.0,0.0,0.0,0.0,0.0,141225.0,141225.0,0.0,2.1242697822623473,0.0,0.0,2024-09-05,85603,cba
7904793995829282253,85603,1.0,43.0,0.023255813953488372,2.3255813953488373,1.0,1.0,Partially Filled,141220.0,141125.0,141100.0,141150.0,50.0,3.54295837023915,141220.0,0.0,0.0,-6.731620903454385,-0.7081651441116069,380.0,-6.731620903454385,6.731620903454385,141220.0,1725496263940844703,1725496238194562165,1725496238194562165,0.0,0.0,0.0,0.0,0.0,141210.0,141210.0,0.0,1.4163302882232138,0.0,0.0,2024-09-05,85603,cba
7904793995829285853,85603,1.0,56.0,0.017857142857142856,1.7857142857142856,1.0,1.0,Partially Filled,141210.0,141095.0,141060.0,141130.0,70.0,4.961196357064389,141210.0,0.0,0.0,-8.150536872320068,-1.416530915787237,328.57142857142856,-8.150536872320068,8.150536872320068,141210.0,1725496268001158690,1725496245658735365,1725496245658735365,0.0,0.0,0.0,0.0,0.0,141190.0,141190.0,0.0,2.833061831574474,0.0,0.0,2024-09-05,85603,cba
7904793995829288934,85603,14.0,25.0,0.56,56.00000000000001,1.0,14.0,Partially Filled,141150.0,141140.0,141120.0,141160.0,40.0,2.8340654669122856,141150.0,0.0,0.0,-0.7085163667280714,-0.7085163667280714,50.0,-0.7085163667280714,0.7085163667280714,1976100.0,1725496263256232284,1725496263252591590,1725496263252591590,0.0,0.0,0.0,0.0,0.0,141140.0,141140.0,0.0,1.4170327334561428,0.0,0.0,2024-09-05,85603,cba
7904793995829291903,85603,6.0,25.0,0.24,24.0,1.0,6.0,Partially Filled,141090.0,141065.0,141040.0,141090.0,50.0,3.5444653174068694,141090.0,0.0,0.0,-1.7722326587034347,-2.4813016199354863,100.0,-1.7722326587034347,1.7722326587034347,846540.0,1725496278907282136,1725496278906916385,1725496278906916385,0.0,0.0,0.0,0.0,0.0,141055.0,141055.0,0.0,3.5447165999078374,0.0,0.0,2024-09-05,85603,cba
7904793995829303064,85603,3.0,9.0,0.3333333333333333,33.33333333333333,1.0,3.0,Partially Filled,141180.0,141095.0,141090.0,141100.0,10.0,0.7087423367234842,141180.0,0.0,0.0,-6.024309862149615,-1.7711026885338812,1700.0,-6.024309862149615,6.024309862149615,423540.0,1725496368268942401,1725496357131682896,1725496357131682896,0.0,0.0,0.0,0.0,0.0,141155.0,141155.0,0.0,2.125323226240657,0.0,0.0,2024-09-05,85603,cba
7904793995829309825,85603,9.0,17.0,0.5294117647058824,52.94117647058824,1.0,9.0,Partially Filled,141070.0,140995.0,140970.0,141020.0,50.0,3.5462250434412566,141070.0,0.0,0.0,-5.319337565161885,-1.0634149799723511,300.0,-5.319337565161885,5.319337565161885,1269630.0,1725496408000600528,1725496393455486313,1725496393455486313,0.0,0.0,0.0,0.0,0.0,141055.0,141055.0,0.0,2.1268299599447023,0.0,0.0,2024-09-05,85603,cba
7904793995829310419,85603,7.0,25.0,0.28,28.000000000000004,1.0,7.0,Partially Filled,141040.0,141035.0,141020.0,141050.0,30.0,2.1271315630871768,141040.0,0.0,0.0,-0.3545219271811962,-0.7090689924129617,33.33333333333333,-0.3545219271811962,0.3545219271811962,987280.0,1725496394050754898,1725496394050579874,1725496394050579874,0.0,0.0,0.0,0.0,0.0,141030.0,141030.0,0.0,1.4181379848259235,0.0,0.0,2024-09-05,85603,cba
7904793995829316736,85603,10.0,25.0,0.4,40.0,1.0,10.0,Partially Filled,140970.0,140950.0,140930.0,140970.0,40.0,2.8378857750975524,140970.0,0.0,0.0,-1.4189428875487762,-1.4189428875487762,100.0,-1.4189428875487762,1.4189428875487762,1409700.0,1725496433712188256,1725496433712054691,1725496433712054691,0.0,0.0,0.0,0.0,0.0,140950.0,140950.0,0.0,2.8378857750975524,0.0,0.0,2024-09-05,85603,cba
7904793995829320898,85603,19.0,9.0,2.111111111111111,211.11111111111111,2.0,9.5,Fully Filled,141050.0,140985.0,140980.0,140990.0,10.0,0.7092953151044438,141010.0,40.0,2.8366782497695198,-4.610419548178884,-1.0075952514549011,1300.0,-4.610419548178884,4.610419548178884,2679950.0,1725496711328905983,1725496472004422833,1725496472403156868,0.0,0.398734035,0.0,0.398734035,0.0,141030.0,141040.0,0.7090689924129617,1.4180877105071195,0.00005027431880400002,0.0,2024-09-05,85603,cba
7904793995829330046,85603,2.0,2.0,1.0,100.0,2.0,1.0,Fully Filled,141020.0,140995.0,140990.0,141000.0,10.0,0.7092450086882514,141020.0,0.0,0.0,-1.7731125217206283,-0.35457220863028754,500.0,-1.7731125217206283,1.7731125217206283,282040.0,1725496524758154445,1725496520179310020,1725496520179424175,0.0,0.000114155,0.0,0.000114155,0.0,141015.0,141015.0,0.0,0.7091444172605751,0.0,0.0,2024-09-05,85603,cba
7904793995829331671,85603,9.0,12.0,0.75,75.0,2.0,4.5,Partially Filled,141000.0,140950.0,140940.0,140960.0,20.0,1.4189428875487762,141000.0,0.0,0.0,-3.54735721887194,-0.3940277995285924,500.0,-3.54735721887194,3.54735721887194,1269000.0,1725496550876667730,1725496529135796761,1725496530466449208,0.0,1.330652447,0.0,1.330652447,0.0,140995.0,140990.0,-0.3546225043441257,1.0638926653484522,0.3546476566602008,0.0,2024-09-05,85603,cba
7904793995829334141,85603,10.0,29.0,0.3448275862068966,34.48275862068966,1.0,10.0,Partially Filled,140970.0,140965.0,140960.0,140970.0,10.0,0.7093959493491292,140970.0,0.0,0.0,-0.3546979746745646,-0.7094211123723042,100.0,-0.3546979746745646,0.3546979746745646,1409700.0,1725496557199002084,1725496553012360789,1725496553012360789,0.0,0.0,0.0,0.0,0.0,140960.0,140960.0,0.0,1.4188422247446084,0.0,0.0,2024-09-05,85603,cba
7904793995829344456,85603,2.0,25.0,0.08,8.0,1.0,2.0,Partially Filled,141020.0,140995.0,140990.0,141000.0,10.0,0.7092450086882514,141020.0,0.0,0.0,-1.7731125217206283,-1.4184397163120568,500.0,-1.7731125217206283,1.7731125217206283,282040.0,1725496670776081244,1725496597017474154,1725496597017474154,0.0,0.0,0.0,0.0,0.0,141000.0,141000.0,0.0,2.8368794326241136,0.0,0.0,2024-09-05,85603,cba
7904793995829359473,85603,3.0,20.0,0.15,15.0,1.0,3.0,Partially Filled,141010.0,140985.0,140970.0,141000.0,30.0,2.127885945313331,141010.0,0.0,0.0,-1.7732382877611093,-0.7092198581560284,166.66666666666669,-1.7732382877611093,1.7732382877611093,423030.0,1725496725040479538,1725496690684149498,1725496690684149498,0.0,0.0,0.0,0.0,0.0,141000.0,141000.0,0.0,1.4184397163120568,0.0,0.0,2024-09-05,85603,cba
7904793995829381675,85603,111.0,124.0,0.8951612903225806,89.51612903225806,3.0,37.0,Partially Filled,141110.0,141095.0,141090.0,141100.0,10.0,0.7087423367234842,141110.0,0.0,0.0,-1.0631135050852263,-1.0631135050852263,300.0,-1.0631135050852263,1.0631135050852263,15663210.0,1725496885742580933,1725496855368172977,1725496877213527117,0.0,21.84535414,0.0,10.92267707,0.0,141095.0,141095.0,0.0,2.1262270101704526,0.0,0.0,2024-09-05,85603,cba
7904793995829382918,85603,1.0,25.0,0.04,4.0,1.0,1.0,Partially Filled,141090.0,141075.0,141070.0,141080.0,10.0,0.7088428141059719,141090.0,0.0,0.0,-1.063264221158958,-0.7088176920895946,300.0,-1.063264221158958,1.063264221158958,141090.0,1725496861883174032,1725496858849805249,1725496858849805249,0.0,0.0,0.0,0.0,0.0,141080.0,141080.0,0.0,1.417635384179189,0.0,0.0,2024-09-05,85603,cba
7904793995829392429,85603,13.0,22.0,0.5909090909090909,59.09090909090909,1.0,13.0,Partially Filled,141070.0,141110.0,141090.0,141130.0,40.0,2.8346679895117286,141070.0,0.0,0.0,-2.8346679895117286,-1.7718558418087105,200.0,-2.8346679895117286,-2.8346679895117286,1833910.0,1725496960424450754,1725496957580191870,1725496957580191870,0.0,0.0,0.0,0.0,0.0,141095.0,141095.0,0.0,3.543711683617421,0.0,0.0,2024-09-05,85603,cba
7904793995829402280,85603,2.0,25.0,0.08,8.0,1.0,2.0,Partially Filled,141580.0,141555.0,141520.0,141590.0,70.0,4.945074352725089,141580.0,0.0,0.0,-1.7660979831161032,-2.1193924408336278,71.42857142857143,-1.7660979831161032,1.7660979831161032,283160.0,1725497423027061371,1725497423026930930,1725497423026930930,0.0,0.0,0.0,0.0,0.0,141550.0,141550.0,0.0,4.2387848816672555,0.0,0.0,2024-09-05,85603,cba
7904793995829406431,85603,28.0,33.0,0.8484848484848485,84.84848484848484,1.0,28.0,Partially Filled,141520.0,141525.0,141510.0,141540.0,30.0,2.1197668256491786,141520.0,0.0,0.0,-0.3532944709415297,-0.7065639793683319,33.33333333333333,-0.3532944709415297,-0.3532944709415297,3962560.0,1725497580264810188,1725497580264432003,1725497580264432003,0.0,0.0,0.0,0.0,0.0,141530.0,141530.0,0.0,1.4131279587366636,0.0,0.0,2024-09-05,85603,cba
7904793995829410491,85603,22.0,25.0,0.88,88.0,1.0,22.0,Partially Filled,141130.0,141105.0,141080.0,141130.0,50.0,3.5434605435668476,141130.0,0.0,0.0,-1.7717302717834238,-2.1261516654854713,100.0,-1.7717302717834238,1.7717302717834238,3104860.0,1725497040010969520,1725497039132455382,1725497039132455382,0.0,0.0,0.0,0.0,0.0,141100.0,141100.0,0.0,4.252303330970943,0.0,0.0,2024-09-05,85603,cba
7904793995829437441,85603,24.0,35.0,0.6857142857142857,68.57142857142857,1.0,24.0,Partially Filled,141320.0,141335.0,141330.0,141340.0,10.0,0.7075388261930874,141320.0,0.0,0.0,-1.0613082392896311,-0.3537944454272068,300.0,-1.0613082392896311,-1.0613082392896311,3391680.0,1725497198078114379,1725497196093324879,1725497196093324879,0.0,0.0,0.0,0.0,0.0,141325.0,141325.0,0.0,0.7075888908544136,0.0,0.0,2024-09-05,85603,cba
7904793995829443176,85603,6.0,25.0,0.24,24.0,1.0,6.0,Partially Filled,141400.0,141375.0,141350.0,141400.0,50.0,3.5366931918656057,141400.0,0.0,0.0,-1.7683465959328029,-1.7683465959328029,100.0,-1.7683465959328029,1.7683465959328029,848400.0,1725497216329829835,1725497216329665342,1725497216329665342,0.0,0.0,0.0,0.0,0.0,141375.0,141375.0,0.0,3.5366931918656057,0.0,0.0,2024-09-05,85603,cba
7904793995829448083,85603,1.0,25.0,0.04,4.0,1.0,1.0,Partially Filled,141440.0,141420.0,141400.0,141440.0,40.0,2.82845424975251,141440.0,0.0,0.0,-1.414227124876255,-1.414227124876255,100.0,-1.414227124876255,1.414227124876255,141440.0,1725497241634207958,1725497241542757403,1725497241542757403,0.0,0.0,0.0,0.0,0.0,141420.0,141420.0,0.0,2.82845424975251,0.0,0.0,2024-09-05,85603,cba
7904793995829453207,85603,356.0,423.0,0.8416075650118203,84.16075650118204,5.0,71.2,Partially Filled,141430.0,141475.0,141470.0,141480.0,10.0,0.7068386640749249,141430.0,0.0,0.0,-3.180773988337162,-1.2977398804904121,900.0,-3.180773988337162,-3.180773988337162,50349080.0,1725497332498818180,1725497272495285831,1725497320351601800,0.0,47.856315969,0.0,11.96407899225,0.0,141435.0,141445.0,0.7070385689539365,1.69675260910885,1.0580154212751938,0.0,2024-09-05,85603,cba
7904793995829457067,85603,12.0,25.0,0.48,48.0,2.0,6.0,Partially Filled,141490.0,141480.0,141470.0,141490.0,20.0,1.413627367825841,141490.0,0.0,0.0,-0.7068136839129205,-0.3533943527582429,100.0,-0.7068136839129205,0.7068136839129205,1697880.0,1725497293405173192,1725497293264490155,1725497293264490155,0.0,0.0,0.0,0.0,0.0,141485.0,141485.0,0.0,0.7067887055164858,0.0,0.0,2024-09-05,85603,cba
7904793995829465997,85603,1.0,25.0,0.04,4.0,1.0,1.0,Partially Filled,141460.0,141445.0,141440.0,141450.0,10.0,0.7069885821343985,141460.0,0.0,0.0,-1.0604828732015978,-0.7069635913750442,300.0,-1.0604828732015978,1.0604828732015978,141460.0,1725497350537610637,1725497347595682668,1725497347595682668,0.0,0.0,0.0,0.0,0.0,141450.0,141450.0,0.0,1.4139271827500883,0.0,0.0,2024-09-05,85603,cba
7904793995829471123,85603,25.0,34.0,0.7352941176470589,73.52941176470588,2.0,12.5,Partially Filled,141410.0,141430.0,141420.0,141440.0,20.0,1.4141271300289895,141410.0,0.0,0.0,-1.4141271300289895,-0.7071135624381276,200.0,-1.4141271300289895,-1.4141271300289895,3535250.0,1725497386077958480,1725497383984473444,1725497384126053463,0.0,0.141580019,0.0,0.141580019,0.0,141420.0,141420.0,0.0,1.414227124876255,0.0,0.0,2024-09-05,85603,cba
7904793995829475046,85603,7.0,25.0,0.28,28.000000000000004,1.0,7.0,Partially Filled,141460.0,141435.0,141410.0,141460.0,50.0,3.5351928447696825,141460.0,0.0,0.0,-1.7675964223848413,-2.1211906950434845,100.0,-1.7675964223848413,1.7675964223848413,990220.0,1725497407640280187,1725497407636882322,1725497407636882322,0.0,0.0,0.0,0.0,0.0,141430.0,141430.0,0.0,4.242381390086969,0.0,0.0,2024-09-05,85603,cba
7904793995829475489,85603,4.0,5.0,0.8,80.0,1.0,4.0,Partially Filled,141390.0,141575.0,141550.0,141600.0,50.0,3.5316969803990816,141540.0,150.0,10.597710894446799,-13.067278827476603,-0.3536192934686517,740.0,-13.067278827476603,-13.067278827476603,565560.0,1725497426045926021,1725497403964895232,1725497403964895232,0.0,0.0,0.0,0.0,0.0,141395.0,141395.0,0.0,0.7072385869373033,0.0,0.0,2024-09-05,85603,cba
7904793995829476454,85603,10.0,25.0,0.4,40.0,1.0,10.0,Partially Filled,141460.0,141440.0,141410.0,141470.0,60.0,4.242081447963801,141460.0,0.0,0.0,-1.414027149321267,-1.7675964223848415,66.66666666666666,-1.414027149321267,1.414027149321267,1414600.0,1725497415131613984,1725497415127884685,1725497415127884685,0.0,0.0,0.0,0.0,0.0,141435.0,141435.0,0.0,3.5351928447696825,0.0,0.0,2024-09-05,85603,cba
7904793995829479143,85603,4162.0,14758.0,0.2820165334056105,28.20165334056105,19.0,219.05263157894737,Partially Filled,141498.45747236905,141585.0,141550.0,141620.0,70.0,4.944026556485503,141500.0,1.5425276309542824,0.10901255342433092,-6.112407926754549,0.9511589475247085,247.2643646598694,-6.112407926754549,-6.1124079267540115,588916580.0,1725497425443671156,1725497422486887312,1725497422487345597,0.0,0.000458285,0.0,0.00002546027777777778,0.0,141485.0,141485.0,0.0,-2.120366116549457,4.440892098500626e-16,0.8781166315098684,2024-09-05,85603,cba
7904793995829480131,85603,9.0,25.0,0.36,36.0,1.0,9.0,Partially Filled,141620.0,141595.0,141570.0,141620.0,50.0,3.5311981355273847,141620.0,0.0,0.0,-1.7655990677636924,-1.7655990677636924,100.0,-1.7655990677636924,1.7655990677636924,1274580.0,1725497493600176829,1725497493600027102,1725497493600027102,0.0,0.0,0.0,0.0,0.0,141595.0,141595.0,0.0,3.5311981355273847,0.0,0.0,2024-09-05,85603,cba
7904793995829480983,85603,18.0,105.0,0.17142857142857143,17.142857142857142,1.0,18.0,Partially Filled,141610.0,141565.0,141550.0,141580.0,30.0,2.119167873415039,141610.0,0.0,0.0,-3.178751810122559,-2.1189433535810145,300.0,-3.178751810122559,3.178751810122559,2548980.0,1725497446001273709,1725497426041763347,1725497426041763347,0.0,0.0,0.0,0.0,0.0,141580.0,141580.0,0.0,4.237886707162029,0.0,0.0,2024-09-05,85603,cba
7904793995829480985,85603,13.0,25.0,0.52,52.0,1.0,13.0,Partially Filled,141600.0,141570.0,141550.0,141590.0,40.0,2.825457370911916,141600.0,0.0,0.0,-2.1190930281839373,-1.765848490199541,150.0,-2.1190930281839373,2.1190930281839373,1840800.0,1725497432308323064,1725497427558998234,1725497427558998234,0.0,0.0,0.0,0.0,0.0,141575.0,141575.0,0.0,3.5316969803990816,0.0,0.0,2024-09-05,85603,cba
7904793995829482629,85603,6.0,25.0,0.24,24.0,1.0,6.0,Partially Filled,141600.0,141580.0,141580.0,141580.0,0.0,0.0,141600.0,0.0,0.0,-1.4126289023873428,-2.1190930281839373,,-1.4126289023873428,1.4126289023873428,849600.0,1725497491686430562,1725497433300154086,1725497433300154086,0.0,0.0,0.0,0.0,0.0,141570.0,141570.0,0.0,2.825457370911916,0.0,0.0,2024-09-05,85603,cba
7904793995829501865,85603,1.0,14.0,0.07142857142857142,7.142857142857142,1.0,1.0,Partially Filled,141590.0,141525.0,141500.0,141550.0,50.0,3.5329447094152977,141590.0,0.0,0.0,-4.592828122239887,-0.3531447540346788,260.0,-4.592828122239887,4.592828122239887,141590.0,1725497585040480622,1725497564371976172,1725497564371976172,0.0,0.0,0.0,0.0,0.0,141585.0,141585.0,0.0,0.7062895080693576,0.0,0.0,2024-09-05,85603,cba
7904793995829509762,85603,23.0,25.0,0.92,92.0,1.0,23.0,Partially Filled,141580.0,141560.0,141530.0,141590.0,60.0,4.238485447866629,141580.0,0.0,0.0,-1.4128284826222097,-2.1193924408336278,66.66666666666666,-1.4128284826222097,1.4128284826222097,3256340.0,1725497610967004971,1725497610966734935,1725497610966734935,0.0,0.0,0.0,0.0,0.0,141550.0,141550.0,0.0,4.2387848816672555,0.0,0.0,2024-09-05,85603,cba
7904793995829509783,85603,20.0,25.0,0.8,80.0,1.0,20.0,Partially Filled,141590.0,141575.0,141550.0,141600.0,50.0,3.5316969803990816,141590.0,0.0,0.0,-1.0595090941197245,-1.412728685455958,60.0,-1.0595090941197245,1.0595090941197245,2831800.0,1725497611089039686,1725497610982431948,1725497610982431948,0.0,0.0,0.0,0.0,0.0,141570.0,141570.0,0.0,2.825457370911916,0.0,0.0,2024-09-05,85603,cba
7904793995829516443,85603,19.0,25.0,0.76,76.0,1.0,19.0,Partially Filled,141620.0,141620.0,141610.0,141630.0,20.0,1.4122299110295156,141620.0,0.0,0.0,-0.0,-0.3530699431557392,0.0,-0.0,0.0,2690780.0,1725497643118144089,1725497643111435893,1725497643111435893,0.0,0.0,0.0,0.0,0.0,141615.0,141615.0,0.0,0.7061398863114784,0.0,0.0,2024-09-05,85603,cba
7904793995829522248,85603,10.0,22.0,0.45454545454545453,45.45454545454545,1.0,10.0,Partially Filled,141580.0,141595.0,141580.0,141610.0,30.0,2.118718881316431,141580.0,0.0,0.0,-1.0593594406582154,-1.0593594406582154,100.0,-1.0593594406582154,-1.0593594406582154,1415800.0,1725497696552363925,1725497696552172803,1725497696552172803,0.0,0.0,0.0,0.0,0.0,141595.0,141595.0,0.0,2.118718881316431,0.0,0.0,2024-09-05,85603,cba
7904793995829531090,85603,14.0,15.0,0.9333333333333333,93.33333333333333,1.0,14.0,Partially Filled,141600.0,141600.0,141590.0,141610.0,20.0,1.4124293785310735,141600.0,0.0,0.0,-0.0,-0.35311981355273847,0.0,-0.0,0.0,1982400.0,1725497734169372128,1725497733846965342,1725497733846965342,0.0,0.0,0.0,0.0,0.0,141595.0,141595.0,0.0,0.7062396271054769,0.0,0.0,2024-09-05,85603,cba
7904793995829548138,85603,12.0,16.0,0.75,75.0,1.0,12.0,Partially Filled,141740.0,141685.0,141680.0,141690.0,10.0,0.7057910152803756,141740.0,0.0,0.0,-3.8818505840420654,-1.0583877227024165,1100.0,-3.8818505840420654,3.8818505840420654,1700880.0,1725497863000860549,1725497849044092336,1725497849044092336,0.0,0.0,0.0,0.0,0.0,141725.0,141725.0,0.0,2.116775445404833,0.0,0.0,2024-09-05,85603,cba
7904793995829581000,85603,8.0,17.0,0.47058823529411764,47.05882352941176,1.0,8.0,Partially Filled,141720.0,141680.0,141670.0,141690.0,20.0,1.411631846414455,141720.0,0.0,0.0,-2.82326369282891,-0.35282080231450447,400.0,-2.82326369282891,2.82326369282891,1133760.0,1725498056777352091,1725498054593652865,1725498054593652865,0.0,0.0,0.0,0.0,0.0,141715.0,141715.0,0.0,0.7056416046290089,0.0,0.0,2024-09-05,85603,cba
7904793995829584787,85603,19.0,25.0,0.76,76.0,1.0,19.0,Partially Filled,141590.0,141565.0,141540.0,141590.0,50.0,3.531946455691732,141590.0,0.0,0.0,-1.765973227845866,-2.1192427239333145,100.0,-1.765973227845866,1.765973227845866,2690210.0,1725498067103890860,1725498067103292442,1725498067103292442,0.0,0.0,0.0,0.0,0.0,141560.0,141560.0,0.0,4.238485447866629,0.0,0.0,2024-09-05,85603,cba
7904793995829595181,85603,1.0,25.0,0.04,4.0,1.0,1.0,Partially Filled,141680.0,141595.0,141580.0,141610.0,30.0,2.118718881316431,141680.0,0.0,0.0,-6.003036830396554,-0.3529204164460914,566.6666666666667,-6.003036830396554,6.003036830396554,141680.0,1725498154000539536,1725498121984526948,1725498121984526948,0.0,0.0,0.0,0.0,0.0,141675.0,141675.0,0.0,0.7058408328921828,0.0,0.0,2024-09-05,85603,cba
7904793995829598717,85603,9.0,25.0,0.36,36.0,1.0,9.0,Partially Filled,141620.0,141600.0,141580.0,141620.0,40.0,2.824858757062147,141620.0,0.0,0.0,-1.4124293785310735,-1.4124293785310735,100.0,-1.4124293785310735,1.4124293785310735,1274580.0,1725498150878499095,1725498146774999283,1725498146774999283,0.0,0.0,0.0,0.0,0.0,141600.0,141600.0,0.0,2.824858757062147,0.0,0.0,2024-09-05,85603,cba
7904793995829598731,85603,3.0,25.0,0.12,12.0,1.0,3.0,Partially Filled,141610.0,141600.0,141590.0,141610.0,20.0,1.4124293785310735,141610.0,0.0,0.0,-0.7062146892655368,-0.7062146892655368,100.0,-0.7062146892655368,0.7062146892655368,424830.0,1725498142263685694,1725498142263533937,1725498142263533937,0.0,0.0,0.0,0.0,0.0,141600.0,141600.0,0.0,1.4124293785310735,0.0,0.0,2024-09-05,85603,cba
7904793995829599395,85603,12.0,25.0,0.48,48.0,1.0,12.0,Partially Filled,141610.0,141590.0,141580.0,141600.0,20.0,1.4125291334133767,141610.0,0.0,0.0,-1.4125291334133767,-1.4125291334133767,200.0,-1.4125291334133767,1.4125291334133767,1699320.0,1725498145610003102,1725498145609771459,1725498145609771459,0.0,0.0,0.0,0.0,0.0,141590.0,141590.0,0.0,1.4125291334133767,0.0,0.0,2024-09-05,85603,cba
7904793995829606252,85603,6.0,35.0,0.17142857142857143,17.142857142857142,1.0,6.0,Partially Filled,141610.0,141630.0,141620.0,141640.0,20.0,1.4121301984042929,141610.0,0.0,0.0,-1.4121301984042929,-0.3530699431557392,200.0,-1.4121301984042929,-1.4121301984042929,849660.0,1725498200474706135,1725498192484291833,1725498192484291833,0.0,0.0,0.0,0.0,0.0,141615.0,141615.0,0.0,0.7061398863114784,0.0,0.0,2024-09-05,85603,cba
7904793995829609100,85603,8.0,25.0,0.32,32.0,1.0,8.0,Partially Filled,141620.0,141620.0,141610.0,141630.0,20.0,1.4122299110295156,141620.0,0.0,0.0,-0.0,-0.3530699431557392,0.0,-0.0,0.0,1132960.0,1725498205472866134,1725498205471180363,1725498205471180363,0.0,0.0,0.0,0.0,0.0,141615.0,141615.0,0.0,0.7061398863114784,0.0,0.0,2024-09-05,85603,cba
7904793995829611779,85603,8.0,35.0,0.22857142857142856,22.857142857142858,2.0,4.0,Partially Filled,141610.0,141670.0,141660.0,141680.0,20.0,1.411731488670855,141610.0,0.0,0.0,-4.235194466012564,-1.059135039717564,600.0,-4.235194466012564,-4.235194466012564,1132880.0,1725498255051310987,1725498224125094976,1725498225136521450,0.0,1.011426474,0.0,1.011426474,0.0,141625.0,141625.0,0.0,2.118270079435128,0.0,0.0,2024-09-05,85603,cba
7904793995829616695,85603,3.0,15.0,0.2,20.0,1.0,3.0,Partially Filled,141680.0,141665.0,141650.0,141680.0,30.0,2.1176719726114426,141680.0,0.0,0.0,-1.0588359863057213,-1.0588359863057213,100.0,-1.0588359863057213,1.0588359863057213,425040.0,1725498271000994278,1725498253734650923,1725498253734650923,0.0,0.0,0.0,0.0,0.0,141665.0,141665.0,0.0,2.1176719726114426,0.0,0.0,2024-09-05,85603,cba
7904793995829616910,85603,7.0,25.0,0.28,28.000000000000004,1.0,7.0,Partially Filled,141690.0,141670.0,141650.0,141690.0,40.0,2.82346297734171,141690.0,0.0,0.0,-1.411731488670855,-1.411731488670855,100.0,-1.411731488670855,1.411731488670855,991830.0,1725498276120407215,1725498273378664109,1725498273378664109,0.0,0.0,0.0,0.0,0.0,141670.0,141670.0,0.0,2.82346297734171,0.0,0.0,2024-09-05,85603,cba
7904793995829622561,85603,4.0,21.0,0.19047619047619047,19.047619047619047,1.0,4.0,Partially Filled,141730.0,141735.0,141730.0,141740.0,10.0,0.7055420326665961,141730.0,0.0,0.0,-0.35277101633329805,-0.7055171440666008,100.0,-0.35277101633329805,-0.35277101633329805,566920.0,1725498403502900779,1725498403502699831,1725498403502699831,0.0,0.0,0.0,0.0,0.0,141740.0,141740.0,0.0,1.4110342881332016,0.0,0.0,2024-09-05,85603,cba
7904793995829626362,85603,16.0,25.0,0.64,64.0,2.0,8.0,Partially Filled,141693.75,141695.0,141690.0,141700.0,10.0,0.7057412047002364,141690.0,3.75,0.26466229091679017,0.08821765058752955,-0.26466229091679017,25.0,0.08821765058752955,-0.08821765058752955,2267100.0,1725498313190985178,1725498313179461494,1725498313189725289,0.0,0.010263795,0.0,0.010263795,0.0,141690.0,141690.0,0.0,0.0,0.0,0.24951939700464823,2024-09-05,85603,cba
7904793995829626426,85603,12.0,25.0,0.48,48.0,1.0,12.0,Partially Filled,141650.0,141740.0,141720.0,141760.0,40.0,2.8220685762664033,141650.0,0.0,0.0,-6.3496542965994065,-6.7021764436135305,450.0,-6.3496542965994065,-6.3496542965994065,1699800.0,1725498590824955045,1725498590824550757,1725498590824550757,0.0,0.0,0.0,0.0,0.0,141745.0,141745.0,0.0,3.527461286112385,0.0,0.0,2024-09-05,85603,cba
7904793995829631635,85603,16.0,25.0,0.64,64.0,1.0,16.0,Partially Filled,141730.0,141715.0,141690.0,141740.0,50.0,3.5282080231450443,141730.0,0.0,0.0,-1.0584624069435133,-1.411333004022299,60.0,-1.0584624069435133,1.0584624069435133,2267680.0,1725498336646830916,1725498336641730331,1725498336641730331,0.0,0.0,0.0,0.0,0.0,141710.0,141710.0,0.0,2.822666008044598,0.0,0.0,2024-09-05,85603,cba
7904793995829633951,85603,18.0,25.0,0.72,72.0,3.0,6.0,Partially Filled,141790.0,141770.0,141740.0,141800.0,60.0,4.232207096000565,141790.0,0.0,0.0,-1.4107356986668547,-1.4107356986668547,66.66666666666666,-1.4107356986668547,1.4107356986668547,2552220.0,1725498369066160175,1725498347501667295,1725498347965142080,0.0,0.463474785,0.0,0.2317373925,0.0,141770.0,141770.0,0.0,2.8214713973337093,0.0,0.0,2024-09-05,85603,cba
7904793995829634344,85603,1.0,25.0,0.04,4.0,1.0,1.0,Partially Filled,141770.0,141750.0,141730.0,141770.0,40.0,2.821869488536155,141770.0,0.0,0.0,-1.4109347442680775,-1.4109347442680775,100.0,-1.4109347442680775,1.4109347442680775,141770.0,1725498358845316987,1725498358845099293,1725498358845099293,0.0,0.0,0.0,0.0,0.0,141750.0,141750.0,0.0,2.821869488536155,0.0,0.0,2024-09-05,85603,cba
7904793995829640753,85603,1.0,4.0,0.25,25.0,1.0,1.0,Partially Filled,141780.0,141735.0,141730.0,141740.0,10.0,0.7055420326665961,141780.0,0.0,0.0,-3.1749391469996824,-0.7053678493334273,900.0,-3.1749391469996824,3.1749391469996824,141780.0,1725498404721980205,1725498400194911561,1725498400194911561,0.0,0.0,0.0,0.0,0.0,141770.0,141770.0,0.0,1.4107356986668547,0.0,0.0,2024-09-05,85603,cba
7904793995829642192,85603,24.0,72.0,0.3333333333333333,33.33333333333333,1.0,24.0,Partially Filled,141810.0,141780.0,141770.0,141790.0,20.0,1.4106361969248131,141810.0,0.0,0.0,-2.11595429538722,-1.0578652279699565,300.0,-2.11595429538722,2.11595429538722,3403440.0,1725498474400598034,1725498427392044697,1725498427392044697,0.0,0.0,0.0,0.0,0.0,141795.0,141795.0,0.0,2.115730455939913,0.0,0.0,2024-09-05,85603,cba
7904793995829659389,85603,37.0,500.0,0.074,7.3999999999999995,3.0,12.333333333333334,Partially Filled,141840.0,139745.0,152540.0,126950.0,-25590.0,-1831.1925292497046,141840.0,0.0,0.0,-149.9159182797238,-0.3525222970352875,,-149.9159182797238,149.9159182797238,5248080.0,1725516085173016472,1725498540905838763,1725498540905838763,0.0,0.0,0.0,0.0,0.0,141835.0,141835.0,0.0,0.705044594070575,0.0,0.0,2024-09-05,85603,cba
7904793995829663752,85603,14.0,17.0,0.8235294117647058,82.35294117647058,4.0,3.5,Partially Filled,141780.0,141730.0,141710.0,141750.0,40.0,2.8222676920905947,141780.0,0.0,0.0,-3.5278346151132434,-0.7053678493334273,250.0,-3.5278346151132434,3.5278346151132434,1984920.0,1725498603001112841,1725498577717823750,1725498587986915926,0.0,10.269092176,0.0,3.423030725333333,0.0,141770.0,141770.0,0.0,1.4107356986668547,0.0,0.0,2024-09-05,85603,cba
7904793995829665455,85603,15.0,25.0,0.6,60.0,1.0,15.0,Partially Filled,141740.0,141715.0,141690.0,141740.0,50.0,3.5282080231450443,141740.0,0.0,0.0,-1.7641040115725222,-1.7641040115725224,100.0,-1.7641040115725222,1.7641040115725222,2126100.0,1725498590830794464,1725498590830500675,1725498590830500675,0.0,0.0,0.0,0.0,0.0,141715.0,141715.0,0.0,3.5282080231450443,0.0,0.0,2024-09-05,85603,cba
7904793995829665489,85603,3.0,25.0,0.12,12.0,1.0,3.0,Partially Filled,141700.0,141715.0,141710.0,141720.0,10.0,0.7056416046290089,141700.0,0.0,0.0,-1.0584624069435133,-2.116700769067946,300.0,-1.0584624069435133,-1.0584624069435133,425100.0,1725498602203040316,1725498590878858837,1725498590878858837,0.0,0.0,0.0,0.0,0.0,141730.0,141730.0,0.0,4.233401538135892,0.0,0.0,2024-09-05,85603,cba
7904793995829665631,85603,29.0,44.0,0.6590909090909091,65.9090909090909,2.0,14.5,Partially Filled,141760.0,141720.0,141710.0,141730.0,20.0,1.4112334180073385,141760.0,0.0,0.0,-2.822466836014677,-1.3867043944780582,400.0,-2.822466836014677,2.822466836014677,4111040.0,1725498610711369617,1725498591233059694,1725498592401624459,0.0,1.168564765,0.0,1.168564765,0.0,141740.0,141750.0,0.7055171440666008,2.1165016602672404,0.7055669159991629,0.0,2024-09-05,85603,cba
7904793995829665697,85603,1.0,25.0,0.04,4.0,1.0,1.0,Partially Filled,141750.0,141740.0,141720.0,141760.0,40.0,2.8220685762664033,141750.0,0.0,0.0,-0.7055171440666008,-1.4111338460452973,50.0,-0.7055171440666008,0.7055171440666008,141750.0,1725498591710820655,1725498591710480315,1725498591710480315,0.0,0.0,0.0,0.0,0.0,141730.0,141730.0,0.0,2.8222676920905947,0.0,0.0,2024-09-05,85603,cba
7904793995829673356,85603,22.0,25.0,0.88,88.0,2.0,11.0,Partially Filled,141810.0,141795.0,141780.0,141810.0,30.0,2.115730455939913,141810.0,0.0,0.0,-1.0578652279699565,-1.4105367092178573,100.0,-1.0578652279699565,1.0578652279699565,3119820.0,1725498651336946212,1725498651084958064,1725498651247343123,0.0,0.162385059,0.0,0.162385059,0.0,141790.0,141790.0,0.0,2.8210734184357147,0.0,0.0,2024-09-05,85603,cba
7904793995829678477,85603,1611.0,9972.0,0.1615523465703971,16.15523465703971,12.0,134.25,Partially Filled,141768.59093730603,141795.0,141780.0,141810.0,30.0,2.115730455939913,141770.0,1.4090626939723734,0.09939075220232584,-1.8624819418154641,0.2533021060220157,176.06041795981582,-1.8624819418154641,-1.862481941815924,228389200.0,1725498686744274967,1725498683785696959,1725498683785907552,0.0,0.000210593,0.0,0.000019144818181818183,0.0,141765.0,141765.0,0.0,-0.7053927274009805,1.1102230246251565e-16,0.5062761489127574,2024-09-05,85603,cba
7904793995829679018,85603,12.0,25.0,0.48,48.0,1.0,12.0,Partially Filled,141800.0,141780.0,141770.0,141790.0,20.0,1.4106361969248131,141800.0,0.0,0.0,-1.4106361969248131,-0.7052683546089287,200.0,-1.4106361969248131,1.4106361969248131,1701600.0,1725498694025909106,1725498686744409411,1725498686744409411,0.0,0.0,0.0,0.0,0.0,141790.0,141790.0,0.0,1.4105367092178573,0.0,0.0,2024-09-05,85603,cba
7904793995829684453,85603,11.0,16.0,0.6875,68.75,1.0,11.0,Partially Filled,141800.0,141795.0,141780.0,141810.0,30.0,2.115730455939913,141800.0,0.0,0.0,-0.3526217426566522,-0.7052683546089287,33.33333333333333,-0.3526217426566522,0.3526217426566522,1559800.0,1725498730419292773,1725498728938698876,1725498728938698876,0.0,0.0,0.0,0.0,0.0,141790.0,141790.0,0.0,1.4105367092178573,0.0,0.0,2024-09-05,85603,cba
7904793995829693621,85603,14.0,16.0,0.875,87.5,1.0,14.0,Partially Filled,141760.0,141760.0,141750.0,141770.0,20.0,1.4108352144469525,141760.0,0.0,0.0,-0.0,-0.35272124440055025,0.0,-0.0,0.0,1984640.0,1725498794341389944,1725498789778573314,1725498789778573314,0.0,0.0,0.0,0.0,0.0,141755.0,141755.0,0.0,0.7054424888011005,0.0,0.0,2024-09-05,85603,cba
7904793995829697164,85603,1.0,18.0,0.05555555555555555,5.555555555555555,1.0,1.0,Partially Filled,141760.0,141665.0,141660.0,141670.0,10.0,0.7058906575371475,141760.0,0.0,0.0,-6.705961246602901,-0.35272124440055025,1900.0,-6.705961246602901,6.705961246602901,141760.0,1725498836000846182,1725498812406338864,1725498812406338864,0.0,0.0,0.0,0.0,0.0,141755.0,141755.0,0.0,0.7054424888011005,0.0,0.0,2024-09-05,85603,cba
7904793995829698122,85603,2.0,25.0,0.08,8.0,1.0,2.0,Partially Filled,141740.0,141725.0,141710.0,141740.0,30.0,2.116775445404833,141740.0,0.0,0.0,-1.0583877227024165,-1.0583877227024165,100.0,-1.0583877227024165,1.0583877227024165,283480.0,1725498822512110693,1725498819280492032,1725498819280492032,0.0,0.0,0.0,0.0,0.0,141725.0,141725.0,0.0,2.116775445404833,0.0,0.0,2024-09-05,85603,cba
7904793995829702040,85603,16.0,25.0,0.64,64.0,1.0,16.0,Partially Filled,141620.0,141695.0,141680.0,141710.0,30.0,2.117223614100709,141620.0,0.0,0.0,-5.293059035251773,-0.7060650992021464,500.0,-5.293059035251773,-5.293059035251773,2265920.0,1725498864000918947,1725498840319396638,1725498840319396638,0.0,0.0,0.0,0.0,0.0,141630.0,141630.0,0.0,1.4121301984042929,0.0,0.0,2024-09-05,85603,cba
7904793995829703085,85603,14.0,25.0,0.56,56.00000000000001,1.0,14.0,Partially Filled,141740.0,141715.0,141690.0,141740.0,50.0,3.5282080231450443,141740.0,0.0,0.0,-1.7641040115725222,-2.1169995060334483,100.0,-1.7641040115725222,1.7641040115725222,1984360.0,1725498842906816590,1725498842906020621,1725498842906020621,0.0,0.0,0.0,0.0,0.0,141710.0,141710.0,0.0,4.233999012066897,0.0,0.0,2024-09-05,85603,cba
7904793995829717996,85603,3.0,17.0,0.17647058823529413,17.647058823529413,1.0,3.0,Partially Filled,141730.0,141665.0,141660.0,141670.0,10.0,0.7058906575371475,141730.0,0.0,0.0,-4.5882892739914585,-0.7056167090036692,1300.0,-4.5882892739914585,4.5882892739914585,425190.0,1725498965041452936,1725498945733371534,1725498945733371534,0.0,0.0,0.0,0.0,0.0,141720.0,141720.0,0.0,1.4112334180073385,0.0,0.0,2024-09-05,85603,cba
7904793995829720617,85603,13.0,25.0,0.52,52.0,1.0,13.0,Partially Filled,141700.0,141685.0,141670.0,141700.0,30.0,2.117373045841126,141700.0,0.0,0.0,-1.058686522920563,-1.058686522920563,100.0,-1.058686522920563,1.058686522920563,1842100.0,1725500049402288886,1725500049402082632,1725500049402082632,0.0,0.0,0.0,0.0,0.0,141685.0,141685.0,0.0,2.117373045841126,0.0,0.0,2024-09-05,85603,cba
7904793995829722063,85603,1.0,29.0,0.034482758620689655,3.4482758620689653,1.0,1.0,Partially Filled,141650.0,141555.0,141550.0,141560.0,10.0,0.7064391932464413,141650.0,0.0,0.0,-6.7111723358411925,-0.7060152499293986,1900.0,-6.7111723358411925,6.7111723358411925,141650.0,1725498996040478067,1725498969778229119,1725498969778229119,0.0,0.0,0.0,0.0,0.0,141640.0,141640.0,0.0,1.4120304998587971,0.0,0.0,2024-09-05,85603,cba
7904793995829723797,85603,12.0,25.0,0.48,48.0,1.0,12.0,Partially Filled,141620.0,141605.0,141590.0,141620.0,30.0,2.1185692595600436,141620.0,0.0,0.0,-1.0592846297800218,-1.0592846297800218,100.0,-1.0592846297800218,1.0592846297800218,1699440.0,1725498976092418068,1725498976079960949,1725498976079960949,0.0,0.0,0.0,0.0,0.0,141605.0,141605.0,0.0,2.1185692595600436,0.0,0.0,2024-09-05,85603,cba
7904793995829733134,85603,11.0,25.0,0.44,44.0,1.0,11.0,Partially Filled,141600.0,141605.0,141590.0,141620.0,30.0,2.1185692595600436,141600.0,0.0,0.0,-0.3530948765933406,-0.706164818868724,33.33333333333333,-0.3530948765933406,-0.3530948765933406,1557600.0,1725499008399793085,1725499008368650577,1725499008368650577,0.0,0.0,0.0,0.0,0.0,141610.0,141610.0,0.0,1.412329637737448,0.0,0.0,2024-09-05,85603,cba
7904793995829733913,85603,5.0,25.0,0.2,20.0,2.0,2.5,Partially Filled,141570.0,141555.0,141540.0,141570.0,30.0,2.1193175797393238,141570.0,0.0,0.0,-1.0596587898696619,-1.0596587898696619,100.0,-1.0596587898696619,1.0596587898696619,707850.0,1725499010599270455,1725499010518785967,1725499010522036565,0.0,0.003250598,0.0,0.003250598,0.0,141555.0,141555.0,0.0,2.1193175797393238,0.0,0.0,2024-09-05,85603,cba
7904793995829743079,85603,2.0,25.0,0.08,8.0,1.0,2.0,Partially Filled,141640.0,141620.0,141610.0,141630.0,20.0,1.4122299110295156,141640.0,0.0,0.0,-1.4122299110295156,-1.059135039717564,200.0,-1.4122299110295156,1.4122299110295156,283280.0,1725499140244273168,1725499139449918130,1725499139449918130,0.0,0.0,0.0,0.0,0.0,141625.0,141625.0,0.0,2.118270079435128,0.0,0.0,2024-09-05,85603,cba
7904793995829743384,85603,14.0,16.0,0.875,87.5,1.0,14.0,Partially Filled,141610.0,141590.0,141570.0,141610.0,40.0,2.8250582668267534,141610.0,0.0,0.0,-1.4125291334133767,-0.3530948765933406,100.0,-1.4125291334133767,1.4125291334133767,1982540.0,1725499070776521720,1725499068655776664,1725499068655776664,0.0,0.0,0.0,0.0,0.0,141605.0,141605.0,0.0,0.7061897531866812,0.0,0.0,2024-09-05,85603,cba
7904793995829748313,85603,1.0,25.0,0.04,4.0,1.0,1.0,Partially Filled,141570.0,141600.0,141590.0,141610.0,20.0,1.4124293785310735,141570.0,0.0,0.0,-2.1186440677966103,-2.1186440677966103,300.0,-2.1186440677966103,-2.1186440677966103,141570.0,1725499107211555101,1725499107211317854,1725499107211317854,0.0,0.0,0.0,0.0,0.0,141600.0,141600.0,0.0,1.4124293785310735,0.0,0.0,2024-09-05,85603,cba
7904793995829749507,85603,19.0,23.0,0.8260869565217391,82.6086956521739,1.0,19.0,Partially Filled,141560.0,141570.0,141560.0,141580.0,20.0,1.412728685455958,141560.0,0.0,0.0,-0.706364342727979,-0.706364342727979,100.0,-0.706364342727979,-0.706364342727979,2689640.0,1725499239151093972,1725499234379512081,1725499234379512081,0.0,0.0,0.0,0.0,0.0,141570.0,141570.0,0.0,1.412728685455958,0.0,0.0,2024-09-05,85603,cba
7904793995829764160,85603,11.0,17.0,0.6470588235294118,64.70588235294117,3.0,3.6666666666666665,Partially Filled,141600.0,141570.0,141560.0,141580.0,20.0,1.412728685455958,141600.0,0.0,0.0,-2.1190930281839373,-0.35311981355273847,300.0,-2.1190930281839373,2.1190930281839373,1557600.0,1725499227000552091,1725499205394624641,1725499206713079920,0.0,1.318455279,0.0,0.6592276395,0.0,141595.0,141595.0,0.0,0.7062396271054769,0.0,0.0,2024-09-05,85603,cba
7904793995829770137,85603,19.0,25.0,0.76,76.0,1.0,19.0,Partially Filled,141440.0,141445.0,141440.0,141450.0,10.0,0.7069885821343985,141440.0,0.0,0.0,-0.35349429106719926,-0.35349429106719926,100.0,-0.35349429106719926,-0.35349429106719926,2687360.0,1725499346972682180,1725499346972534436,1725499346972534436,0.0,0.0,0.0,0.0,0.0,141445.0,141445.0,0.0,0.7069885821343985,0.0,0.0,2024-09-05,85603,cba
7904793995829771733,85603,13.0,17.0,0.7647058823529411,76.47058823529412,1.0,13.0,Partially Filled,141540.0,141490.0,141480.0,141500.0,20.0,1.4135274577708674,141540.0,0.0,0.0,-3.5338186444271678,-0.3532695093086516,500.0,-3.5338186444271678,3.5338186444271678,1840020.0,1725499282001263366,1725499260036994413,1725499260036994413,0.0,0.0,0.0,0.0,0.0,141535.0,141535.0,0.0,0.7065390186173032,0.0,0.0,2024-09-05,85603,cba
7904793995829775929,85603,28.0,30.0,0.9333333333333333,93.33333333333333,1.0,28.0,Partially Filled,141510.0,141490.0,141480.0,141500.0,20.0,1.4135274577708674,141510.0,0.0,0.0,-1.4135274577708674,-1.060108131029365,200.0,-1.4135274577708674,1.4135274577708674,3962280.0,1725499285152875272,1725499283212105124,1725499283212105124,0.0,0.0,0.0,0.0,0.0,141495.0,141495.0,0.0,2.12021626205873,0.0,0.0,2024-09-05,85603,cba
7904793995829796008,85603,19.0,21.0,0.9047619047619048,90.47619047619048,2.0,9.5,Partially Filled,141380.0,141385.0,141380.0,141390.0,10.0,0.7072886091169502,141380.0,0.0,0.0,-0.3536443045584751,-1.9540223607370202,100.0,-0.3536443045584751,-0.3536443045584751,2686220.0,1725499581824770422,1725499430635424090,1725499430638015939,0.0,0.002591849,0.0,0.002591849,0.0,141410.0,141395.0,-1.0607453503995474,1.7680214473389864,0.35369431347292346,0.0,2024-09-05,85603,cba
7904793995829818239,85603,15.0,25.0,0.6,60.0,1.0,15.0,Partially Filled,141440.0,141435.0,141420.0,141450.0,30.0,2.121115706861809,141440.0,0.0,0.0,-0.35351928447696823,-0.7070635650144947,33.33333333333333,-0.35351928447696823,0.35351928447696823,2121600.0,1725499560247252204,1725499560138260198,1725499560138260198,0.0,0.0,0.0,0.0,0.0,141430.0,141430.0,0.0,1.4141271300289895,0.0,0.0,2024-09-05,85603,cba
7904793995829822722,85603,1.0,16.0,0.0625,6.25,1.0,1.0,Partially Filled,141380.0,141325.0,141320.0,141330.0,10.0,0.7075888908544136,141380.0,0.0,0.0,-3.891738899699275,-0.3536693191865605,1100.0,-3.891738899699275,3.891738899699275,141380.0,1725499614040475002,1725499586543862393,1725499586543862393,0.0,0.0,0.0,0.0,0.0,141375.0,141375.0,0.0,0.707338638373121,0.0,0.0,2024-09-05,85603,cba
7904793995829823863,85603,9.0,25.0,0.36,36.0,1.0,9.0,Partially Filled,141350.0,141340.0,141330.0,141350.0,20.0,1.4150275930380645,141350.0,0.0,0.0,-0.7075137965190322,-0.7075137965190322,100.0,-0.7075137965190322,0.7075137965190322,1272150.0,1725499596407972645,1725499596407713324,1725499596407713324,0.0,0.0,0.0,0.0,0.0,141340.0,141340.0,0.0,1.4150275930380645,0.0,0.0,2024-09-05,85603,cba
7904793995829824309,85603,14.0,25.0,0.56,56.00000000000001,1.0,14.0,Partially Filled,141330.0,141330.0,141320.0,141340.0,20.0,1.4151277152763038,141330.0,0.0,0.0,-0.0,-0.3537944454272068,0.0,-0.0,0.0,1978620.0,1725499598065572353,1725499598004589082,1725499598004589082,0.0,0.0,0.0,0.0,0.0,141325.0,141325.0,0.0,0.7075888908544136,0.0,0.0,2024-09-05,85603,cba
7904793995829824827,85603,7.0,25.0,0.28,28.000000000000004,1.0,7.0,Partially Filled,141350.0,141335.0,141320.0,141350.0,30.0,2.1226164785792623,141350.0,0.0,0.0,-1.0613082392896311,-1.0613082392896311,100.0,-1.0613082392896311,1.0613082392896311,989450.0,1725499601048560512,1725499599776219386,1725499599776219386,0.0,0.0,0.0,0.0,0.0,141335.0,141335.0,0.0,2.1226164785792623,0.0,0.0,2024-09-05,85603,cba
7904793995829850750,85603,22.0,25.0,0.88,88.0,1.0,22.0,Partially Filled,141420.0,141405.0,141390.0,141420.0,30.0,2.1215657154980376,141420.0,0.0,0.0,-1.0607828577490188,-1.0607828577490188,100.0,-1.0607828577490188,1.0607828577490188,3111240.0,1725499768610704845,1725499768610559369,1725499768610559369,0.0,0.0,0.0,0.0,0.0,141405.0,141405.0,0.0,2.1215657154980376,0.0,0.0,2024-09-05,85603,cba
7904793995829855696,85603,8.0,34.0,0.23529411764705882,23.52941176470588,2.0,4.0,Partially Filled,141390.0,141425.0,141410.0,141440.0,30.0,2.121265688527488,141390.0,0.0,0.0,-2.474809969948736,-0.7072135785007072,233.33333333333334,-2.474809969948736,-2.474809969948736,1131120.0,1725499807171479756,1725499803191659834,1725499803201266213,0.0,0.009606379,0.0,0.009606379,0.0,141400.0,141400.0,0.0,1.4144271570014144,0.0,0.0,2024-09-05,85603,cba
7904793995829860141,85603,13.0,18.0,0.7222222222222222,72.22222222222221,1.0,13.0,Partially Filled,141400.0,141415.0,141400.0,141430.0,30.0,2.121415691404731,141400.0,0.0,0.0,-1.0607078457023655,-1.0607078457023655,100.0,-1.0607078457023655,-1.0607078457023655,1838200.0,1725499829330939161,1725499828489984415,1725499828489984415,0.0,0.0,0.0,0.0,0.0,141415.0,141415.0,0.0,2.121415691404731,0.0,0.0,2024-09-05,85603,cba
7904793995829870468,85603,2.0,25.0,0.08,8.0,1.0,2.0,Partially Filled,141570.0,141555.0,141530.0,141580.0,50.0,3.5321959662322064,141570.0,0.0,0.0,-1.0596587898696619,-1.4129282938890853,60.0,-1.0596587898696619,1.0596587898696619,283140.0,1725499899185605008,1725499899185352652,1725499899185352652,0.0,0.0,0.0,0.0,0.0,141550.0,141550.0,0.0,2.8258565877781705,0.0,0.0,2024-09-05,85603,cba
7904793995829871315,85603,8.0,15.0,0.5333333333333333,53.333333333333336,1.0,8.0,Partially Filled,141570.0,141515.0,141500.0,141530.0,30.0,2.11991661661308,141570.0,0.0,0.0,-3.8865137971239796,-1.4129282938890853,366.66666666666663,-3.8865137971239796,3.8865137971239796,1132560.0,1725499932001073672,1725499909981419583,1725499909981419583,0.0,0.0,0.0,0.0,0.0,141550.0,141550.0,0.0,2.8258565877781705,0.0,0.0,2024-09-05,85603,cba
7904793995829886390,85603,15.0,24.0,0.625,62.5,1.0,15.0,Partially Filled,141620.0,141665.0,141660.0,141670.0,10.0,0.7058906575371475,141620.0,0.0,0.0,-3.1765079589171634,-0.7060650992021464,900.0,-3.1765079589171634,-3.1765079589171634,2124300.0,1725500043615985726,1725500013133816613,1725500013133816613,0.0,0.0,0.0,0.0,0.0,141630.0,141630.0,0.0,1.4121301984042929,0.0,0.0,2024-09-05,85603,cba
7904793995829894758,85603,2.0,25.0,0.08,8.0,1.0,2.0,Partially Filled,141690.0,141680.0,141670.0,141690.0,20.0,1.411631846414455,141690.0,0.0,0.0,-0.7058159232072275,-0.7058159232072275,100.0,-0.7058159232072275,0.7058159232072275,283380.0,1725500065767803639,1725500065303355701,1725500065303355701,0.0,0.0,0.0,0.0,0.0,141680.0,141680.0,0.0,1.411631846414455,0.0,0.0,2024-09-05,85603,cba
7904793995829898901,85603,2.0,25.0,0.08,8.0,1.0,2.0,Partially Filled,141660.0,141660.0,141650.0,141670.0,20.0,1.4118311449950587,141660.0,0.0,0.0,-0.0,-0.3529702446083795,0.0,-0.0,0.0,283320.0,1725500092463762585,1725500092451930358,1725500092451930358,0.0,0.0,0.0,0.0,0.0,141655.0,141655.0,0.0,0.705940489216759,0.0,0.0,2024-09-05,85603,cba
7904793995829901638,85603,17.0,25.0,0.68,68.0,1.0,17.0,Partially Filled,141660.0,141675.0,141660.0,141690.0,30.0,2.117522498676548,141660.0,0.0,0.0,-1.058761249338274,-1.058761249338274,100.0,-1.058761249338274,-1.058761249338274,2408220.0,1725500110732296117,1725500110732134883,1725500110732134883,0.0,0.0,0.0,0.0,0.0,141675.0,141675.0,0.0,2.117522498676548,0.0,0.0,2024-09-05,85603,cba
7904793995829905351,85603,21.0,34.0,0.6176470588235294,61.76470588235294,2.0,10.5,Partially Filled,141750.0,141720.0,141710.0,141730.0,20.0,1.4112334180073385,141750.0,0.0,0.0,-2.1168501270110074,-1.0583130489998942,300.0,-2.1168501270110074,2.1168501270110074,2976750.0,1725500148946478537,1725500139348996310,1725500146797213341,0.0,7.448217031,0.0,7.448217031,0.0,141735.0,141735.0,0.0,2.1166260979997884,0.0,0.0,2024-09-05,85603,cba
7904793995829910896,85603,16.0,25.0,0.64,64.0,1.0,16.0,Partially Filled,141720.0,141745.0,141720.0,141770.0,50.0,3.527461286112385,141720.0,0.0,0.0,-1.7637306430561925,-2.1164021164021163,100.0,-1.7637306430561925,-1.7637306430561925,2267520.0,1725500160721875504,1725500160721694039,1725500160721694039,0.0,0.0,0.0,0.0,0.0,141750.0,141750.0,0.0,4.232804232804233,0.0,0.0,2024-09-05,85603,cba
7904793995829911292,85603,6.0,25.0,0.24,24.0,2.0,3.0,Partially Filled,141750.0,141730.0,141710.0,141750.0,40.0,2.8222676920905947,141750.0,0.0,0.0,-1.4111338460452973,-1.7051719225386837,100.0,-1.4111338460452973,1.4111338460452973,850500.0,1725500307191175870,1725500299821293711,1725500307190915711,0.0,7.369622,0.0,7.369622,0.0,141725.0,141730.0,0.35279590756747226,2.469521568747714,0.3527461233428808,0.0,2024-09-05,85603,cba
7904793995829912122,85603,9.0,25.0,0.36,36.0,2.0,4.5,Partially Filled,141720.0,141690.0,141660.0,141720.0,60.0,4.234596654668643,141720.0,0.0,0.0,-2.1172983273343213,-2.1172983273343213,100.0,-2.1172983273343213,2.1172983273343213,1275480.0,1725500289601411922,1725500289020718137,1725500289586850006,0.0,0.566131869,0.0,0.566131869,0.0,141690.0,141690.0,0.0,4.234596654668643,0.0,0.0,2024-09-05,85603,cba
7904793995829912310,85603,22.0,25.0,0.88,88.0,1.0,22.0,Partially Filled,141710.0,141685.0,141660.0,141710.0,50.0,3.5289550764018776,141710.0,0.0,0.0,-1.7644775382009388,-1.764477538200939,100.0,-1.7644775382009388,1.7644775382009388,3117620.0,1725500286647455450,1725500286647285162,1725500286647285162,0.0,0.0,0.0,0.0,0.0,141685.0,141685.0,0.0,3.5289550764018776,0.0,0.0,2024-09-05,85603,cba
7904793995829912898,85603,6.0,15.0,0.4,40.0,5.0,1.2,Partially Filled,141660.0,141545.0,141510.0,141580.0,70.0,4.9454237168391675,141660.0,0.0,0.0,-8.124624677664347,-0.3529702446083795,328.57142857142856,-8.124624677664347,8.124624677664347,849960.0,1725500199001212596,1725500169402561460,1725500170126806606,0.0,0.724245146,0.0,0.1810612865,0.0,141655.0,141655.0,0.0,0.705940489216759,0.0,0.0,2024-09-05,85603,cba
7904793995829929196,85603,20.0,25.0,0.8,80.0,1.0,20.0,Partially Filled,141640.0,141625.0,141610.0,141640.0,30.0,2.118270079435128,141640.0,0.0,0.0,-1.059135039717564,-1.059135039717564,100.0,-1.059135039717564,1.059135039717564,2832800.0,1725500271657924967,1725500271657678539,1725500271657678539,0.0,0.0,0.0,0.0,0.0,141625.0,141625.0,0.0,2.118270079435128,0.0,0.0,2024-09-05,85603,cba
7904793995829939866,85603,30.0,40.0,0.75,75.0,1.0,30.0,Partially Filled,141630.0,141665.0,141640.0,141690.0,50.0,3.5294532876857376,141630.0,0.0,0.0,-2.4706173013800163,-2.117746717492588,140.0,-2.4706173013800163,-2.4706173013800163,4248900.0,1725500331251674059,1725500327613004504,1725500327613004504,0.0,0.0,0.0,0.0,0.0,141660.0,141660.0,0.0,4.235493434985176,0.0,0.0,2024-09-05,85603,cba
7904793995829940137,85603,11.0,39.0,0.28205128205128205,28.205128205128204,1.0,11.0,Partially Filled,141690.0,141675.0,141670.0,141680.0,10.0,0.7058408328921828,141690.0,0.0,0.0,-1.058761249338274,-0.7058159232072275,300.0,-1.058761249338274,1.058761249338274,1558590.0,1725500323242345603,1725500322258064564,1725500322258064564,0.0,0.0,0.0,0.0,0.0,141680.0,141680.0,0.0,1.411631846414455,0.0,0.0,2024-09-05,85603,cba
7904793995829942175,85603,1.0,25.0,0.04,4.0,1.0,1.0,Partially Filled,141670.0,141650.0,141630.0,141670.0,40.0,2.8238616307800917,141670.0,0.0,0.0,-1.4119308153900458,-1.4119308153900458,100.0,-1.4119308153900458,1.4119308153900458,141670.0,1725500333067332359,1725500332595403202,1725500332595403202,0.0,0.0,0.0,0.0,0.0,141650.0,141650.0,0.0,2.8238616307800917,0.0,0.0,2024-09-05,85603,cba
7904793995829962699,85603,11.0,35.0,0.3142857142857143,31.428571428571427,1.0,11.0,Partially Filled,141660.0,141655.0,141650.0,141660.0,10.0,0.705940489216759,141660.0,0.0,0.0,0.3529702446083795,0.0,100.0,0.3529702446083795,0.3529702446083795,1558260.0,1725500452873529360,1725500452873396660,1725500452873396660,0.0,0.0,0.0,0.0,0.0,141660.0,141660.0,0.0,0.0,0.0,0.0,2024-09-05,85603,cba
7904793995829965017,85603,4.0,25.0,0.16,16.0,1.0,4.0,Partially Filled,141690.0,141690.0,141680.0,141700.0,20.0,1.4115322182228809,141690.0,0.0,0.0,0.0,-0.3528706023501182,0.0,0.0,0.0,566760.0,1725500462723955363,1725500462723828013,1725500462723828013,0.0,0.0,0.0,0.0,0.0,141695.0,141695.0,0.0,0.7057412047002364,0.0,0.0,2024-09-05,85603,cba
7904793995829965129,85603,5.0,34.0,0.14705882352941177,14.705882352941178,1.0,5.0,Partially Filled,141690.0,141710.0,141700.0,141720.0,20.0,1.411333004022299,141690.0,0.0,0.0,-1.411333004022299,-0.3528706023501182,200.0,-1.411333004022299,-1.411333004022299,708450.0,1725500466652966399,1725500466192464967,1725500466192464967,0.0,0.0,0.0,0.0,0.0,141695.0,141695.0,0.0,0.7057412047002364,0.0,0.0,2024-09-05,85603,cba
7904793995829974342,85603,9.0,23.0,0.391304347826087,39.130434782608695,1.0,9.0,Partially Filled,141630.0,141570.0,141560.0,141580.0,20.0,1.412728685455958,141630.0,0.0,0.0,-4.238186056367875,-0.7061149555147578,600.0,-4.238186056367875,4.238186056367875,1274670.0,1725500554000614470,1725500523897669763,1725500523897669763,0.0,0.0,0.0,0.0,0.0,141620.0,141620.0,0.0,1.4122299110295156,0.0,0.0,2024-09-05,85603,cba
7904793995829976095,85603,24.0,25.0,0.96,96.0,1.0,24.0,Partially Filled,141580.0,141595.0,141580.0,141610.0,30.0,2.118718881316431,141580.0,0.0,0.0,-1.0593594406582154,-1.0593594406582154,100.0,-1.0593594406582154,-1.0593594406582154,3397920.0,1725500535903034451,1725500535902885088,1725500535902885088,0.0,0.0,0.0,0.0,0.0,141595.0,141595.0,0.0,2.118718881316431,0.0,0.0,2024-09-05,85603,cba
7904793995829987568,85603,1.0,34.0,0.029411764705882353,2.941176470588235,1.0,1.0,Partially Filled,141520.0,141540.0,141530.0,141550.0,20.0,1.4130281192595733,141520.0,0.0,0.0,-1.4130281192595733,-0.7065639793683318,200.0,-1.4130281192595733,-1.4130281192595733,141520.0,1725500626994626090,1725500622088500056,1725500622088500056,0.0,0.0,0.0,0.0,0.0,141530.0,141530.0,0.0,1.4131279587366636,0.0,0.0,2024-09-05,85603,cba
7904793995830003609,85603,1.0,45.0,0.022222222222222223,2.2222222222222223,1.0,1.0,Partially Filled,141620.0,141515.0,141500.0,141530.0,30.0,2.11991661661308,141620.0,0.0,0.0,-7.41970815814578,-0.706164818868724,700.0,-7.41970815814578,7.41970815814578,141620.0,1725500964456524225,1725500747079596360,1725500747079596360,0.0,0.0,0.0,0.0,0.0,141610.0,141610.0,0.0,1.412329637737448,0.0,0.0,2024-09-05,85603,cba
7904793995830009504,85603,36.0,77.0,0.4675324675324675,46.75324675324675,2.0,18.0,Partially Filled,141600.0,139745.0,152540.0,126950.0,-25590.0,-1831.1925292497046,141600.0,0.0,0.0,-132.74177967011343,-0.35311981355273847,,-132.74177967011343,132.74177967011343,5097600.0,1725516076201543250,1725500770310468944,1725500774203174039,0.0,3.892705095,0.0,3.892705095,0.0,141595.0,141595.0,0.0,0.7062396271054769,0.0,0.0,2024-09-05,85603,cba
7904793995830013461,85603,4.0,26.0,0.15384615384615385,15.384615384615385,1.0,4.0,Partially Filled,141580.0,141555.0,141550.0,141560.0,10.0,0.7064391932464413,141580.0,0.0,0.0,-1.7660979831161032,-0.35316969803990816,500.0,-1.7660979831161032,1.7660979831161032,566320.0,1725500805000421351,1725500784211839766,1725500784211839766,0.0,0.0,0.0,0.0,0.0,141575.0,141575.0,0.0,0.7063393960798163,0.0,0.0,2024-09-05,85603,cba
7904793995830018886,85603,8.0,39.0,0.20512820512820512,20.51282051282051,1.0,8.0,Partially Filled,141560.0,141535.0,141530.0,141540.0,10.0,0.7065390186173032,141560.0,0.0,0.0,-1.7663475465432579,-0.35321959662322067,500.0,-1.7663475465432579,1.7663475465432579,1132480.0,1725500848040486769,1725500817702601390,1725500817702601390,0.0,0.0,0.0,0.0,0.0,141555.0,141555.0,0.0,0.7064391932464413,0.0,0.0,2024-09-05,85603,cba
7904793995830033886,85603,14.0,25.0,0.56,56.00000000000001,1.0,14.0,Partially Filled,141550.0,141535.0,141530.0,141540.0,10.0,0.7065390186173032,141550.0,0.0,0.0,-1.0598085279259548,-1.0598085279259548,300.0,-1.0598085279259548,1.0598085279259548,1981700.0,1725500931127061453,1725500930897914888,1725500930897914888,0.0,0.0,0.0,0.0,0.0,141535.0,141535.0,0.0,2.1196170558519096,0.0,0.0,2024-09-05,85603,cba
7904793995830033952,85603,18.0,25.0,0.72,72.0,1.0,18.0,Partially Filled,141530.0,141530.0,141520.0,141540.0,20.0,1.4131279587366636,141530.0,0.0,0.0,-0.0,-0.3532944709415297,0.0,-0.0,0.0,2547540.0,1725500931011033428,1725500931009614465,1725500931009614465,0.0,0.0,0.0,0.0,0.0,141525.0,141525.0,0.0,0.7065889418830594,0.0,0.0,2024-09-05,85603,cba
7904793995830039103,85603,7.0,17.0,0.4117647058823529,41.17647058823529,1.0,7.0,Partially Filled,141510.0,141485.0,141470.0,141500.0,30.0,2.1203661165494574,141510.0,0.0,0.0,-1.7669717637912146,-0.35334440479135015,166.66666666666669,-1.7669717637912146,1.7669717637912146,990570.0,1725501018001110498,1725500974528625521,1725500974528625521,0.0,0.0,0.0,0.0,0.0,141505.0,141505.0,0.0,0.7066888095827003,0.0,0.0,2024-09-05,85603,cba
7904793995830056725,85603,8.0,12.0,0.6666666666666666,66.66666666666666,1.0,8.0,Partially Filled,141410.0,141410.0,141390.0,141430.0,40.0,2.828654267732126,141410.0,0.0,0.0,0.0,-0.7071135624381275,0.0,0.0,0.0,1131280.0,1725501090174170704,1725501090168552436,1725501090168552436,0.0,0.0,0.0,0.0,0.0,141420.0,141420.0,0.0,1.414227124876255,0.0,0.0,2024-09-05,85603,cba
7904793995830058379,85603,17.0,25.0,0.68,68.0,1.0,17.0,Partially Filled,141420.0,141415.0,141410.0,141420.0,10.0,0.7071385638015769,141420.0,0.0,0.0,-0.35356928190078846,-0.35356928190078846,100.0,-0.35356928190078846,0.35356928190078846,2404140.0,1725501103372506094,1725501103326139218,1725501103326139218,0.0,0.0,0.0,0.0,0.0,141415.0,141415.0,0.0,0.7071385638015769,0.0,0.0,2024-09-05,85603,cba
7904793995830061399,85603,7.0,42.0,0.16666666666666666,16.666666666666664,1.0,7.0,Partially Filled,141350.0,141205.0,141180.0,141230.0,50.0,3.5409510994653166,141350.0,0.0,0.0,-10.268758188449418,-0.7075137965190322,580.0,-10.268758188449418,10.268758188449418,989450.0,1725501144742448798,1725501117970811914,1725501117970811914,0.0,0.0,0.0,0.0,0.0,141340.0,141340.0,0.0,1.4150275930380645,0.0,0.0,2024-09-05,85603,cba
7904793995830064695,85603,6.0,25.0,0.24,24.0,1.0,6.0,Partially Filled,141310.0,141295.0,141270.0,141320.0,50.0,3.53869563678828,141310.0,0.0,0.0,-1.061608691036484,-1.061608691036484,60.0,-1.061608691036484,1.061608691036484,847860.0,1725501327470678131,1725501131284351313,1725501131284351313,0.0,0.0,0.0,0.0,0.0,141295.0,141295.0,0.0,2.123217382072968,0.0,0.0,2024-09-05,85603,cba
7904793995830065020,85603,5.0,17.0,0.29411764705882354,29.411764705882355,4.0,1.25,Partially Filled,141300.0,141195.0,141180.0,141210.0,30.0,2.1247211303516416,141300.0,0.0,0.0,-7.436523956230745,-0.7077641729775638,700.0,-7.436523956230745,7.436523956230745,706500.0,1725501153000558682,1725501131299805280,1725501131592892316,0.0,0.293087036,0.0,0.09769567866666667,0.0,141290.0,141290.0,0.0,1.4155283459551276,0.0,0.0,2024-09-05,85603,cba
7904793995830068622,85603,27.0,38.0,0.7105263157894737,71.05263157894737,2.0,13.5,Partially Filled,141230.0,141200.0,141180.0,141220.0,40.0,2.8328611898016995,141230.0,0.0,0.0,-2.1246458923512748,-1.416330288223214,150.0,-2.1246458923512748,2.1246458923512748,3813210.0,1725501146753477446,1725501142209138619,1725501144558806824,0.0,2.349668205,0.0,2.349668205,0.0,141210.0,141210.0,0.0,2.8326605764464277,0.0,0.0,2024-09-05,85603,cba
7904793995830070165,85603,8.0,18.0,0.4444444444444444,44.44444444444444,2.0,4.0,Partially Filled,141160.0,141165.0,141160.0,141170.0,10.0,0.7083908900931535,141160.0,0.0,0.0,-0.35419544504657674,-0.7083658000991713,100.0,-0.35419544504657674,-0.35419544504657674,1129280.0,1725501182633749304,1725501168822861076,1725501168823046052,0.0,0.000184976,0.0,0.000184976,0.0,141170.0,141170.0,0.0,1.4167316001983425,0.0,0.0,2024-09-05,85603,cba
7904793995830070792,85603,7.0,86.0,0.08139534883720931,8.13953488372093,1.0,7.0,Partially Filled,141210.0,141170.0,141160.0,141180.0,20.0,1.4167316001983425,141210.0,0.0,0.0,-2.833463200396685,-1.0623605651758208,400.0,-2.833463200396685,2.833463200396685,988470.0,1725501169783202552,1725501157634232716,1725501157634232716,0.0,0.0,0.0,0.0,0.0,141195.0,141195.0,0.0,2.1247211303516416,0.0,0.0,2024-09-05,85603,cba
7904793995830074214,85603,26.0,27.0,0.9629629629629629,96.29629629629629,1.0,26.0,Partially Filled,141110.0,141125.0,141110.0,141140.0,30.0,2.1257750221434897,141110.0,0.0,0.0,-1.0628875110717448,-1.0628875110717448,100.0,-1.0628875110717448,-1.0628875110717448,3668860.0,1725501192196889178,1725501192196741009,1725501192196741009,0.0,0.0,0.0,0.0,0.0,141125.0,141125.0,0.0,2.1257750221434897,0.0,0.0,2024-09-05,85603,cba
7904793995830083526,85603,5.0,11.0,0.45454545454545453,45.45454545454545,1.0,5.0,Partially Filled,141110.0,141140.0,141120.0,141160.0,40.0,2.8340654669122856,141110.0,0.0,0.0,-2.125549100184214,-1.0628875110717448,150.0,-2.125549100184214,-2.125549100184214,705550.0,1725501219475814391,1725501208241752532,1725501208241752532,0.0,0.0,0.0,0.0,0.0,141125.0,141125.0,0.0,2.1257750221434897,0.0,0.0,2024-09-05,85603,cba
7904793995830085528,85603,12.0,23.0,0.5217391304347826,52.17391304347826,1.0,12.0,Partially Filled,141170.0,141100.0,141090.0,141110.0,20.0,1.4174344436569808,141160.0,10.0,0.7084159818645509,-4.961020552799432,-1.4169323414806942,700.0,-4.961020552799432,4.961020552799432,1694040.0,1725501249000442567,1725501218677661393,1725501218677661393,0.0,0.0,0.0,0.0,0.0,141150.0,141150.0,0.0,1.4169323414806942,0.0,0.0,2024-09-05,85603,cba
7904793995830095351,85603,8.0,34.0,0.23529411764705882,23.52941176470588,1.0,8.0,Partially Filled,141100.0,141135.0,141110.0,141160.0,50.0,3.542707336946895,141100.0,0.0,0.0,-2.4798951358628267,-0.3543460543566847,140.0,-2.4798951358628267,-2.4798951358628267,1128800.0,1725501285599904866,1725501283789295703,1725501283789295703,0.0,0.0,0.0,0.0,0.0,141105.0,141105.0,0.0,0.7086921087133694,0.0,0.0,2024-09-05,85603,cba
7904793995830109457,85603,13.0,79.0,0.16455696202531644,16.455696202531644,2.0,6.5,Partially Filled,141290.0,141285.0,141270.0,141300.0,30.0,2.1233676611105214,141290.0,0.0,0.0,-0.3538946101850869,-0.707814269535674,33.33333333333333,-0.3538946101850869,0.3538946101850869,1836770.0,1725501366744113798,1725501361496828801,1725501362357310316,0.0,0.860481515,0.0,0.860481515,0.0,141280.0,141280.0,0.0,1.4156285390713477,0.0,0.0,2024-09-05,85603,cba
7904793995830110201,85603,27.0,40.0,0.675,67.5,3.0,9.0,Partially Filled,141220.0,141235.0,141230.0,141240.0,10.0,0.7080397918363012,141220.0,0.0,0.0,-1.0620596877544517,-0.7080648587410607,300.0,-1.0620596877544517,-1.0620596877544517,3812940.0,1725501470799107226,1725501462759761872,1725501470167942679,0.0,7.408180807,0.0,3.7040904035,0.0,141230.0,141230.0,0.0,1.4161297174821215,0.0,0.0,2024-09-05,85603,cba
7904793995830113617,85603,61.0,80.0,0.7625,76.25,2.0,30.5,Partially Filled,141270.0,141255.0,141250.0,141260.0,10.0,0.7079395419631163,141270.0,0.0,0.0,-1.0619093129446746,-0.35394471383569887,300.0,-1.0619093129446746,1.0619093129446746,8617470.0,1725501413492486983,1725501408315055072,1725501410340558660,0.0,2.025503588,0.0,2.025503588,0.0,141265.0,141265.0,0.0,0.7078894276713977,0.0,0.0,2024-09-05,85603,cba
7904793995830119323,85603,5.0,17.0,0.29411764705882354,29.411764705882355,2.0,2.5,Partially Filled,141240.0,141185.0,141180.0,141190.0,10.0,0.7082905407798278,141240.0,0.0,0.0,-3.8955979742890534,-0.42482888848273265,1100.0,-3.8955979742890534,3.8955979742890534,706200.0,1725501503041474569,1725501428471646912,1725501442405830220,0.0,13.934183308,0.0,13.934183308,0.0,141235.0,141230.0,-0.3540198959181506,1.0620847546592114,0.35404496282291015,0.0,2024-09-05,85603,cba
7904793995830138167,85603,81.0,161.0,0.5031055900621118,50.31055900621118,5.0,16.2,Partially Filled,141190.0,141205.0,141200.0,141210.0,10.0,0.7081902198930633,141190.0,0.0,0.0,-1.062285329839595,-0.04371699366977931,300.0,-1.062285329839595,-1.062285329839595,11436390.0,1725501601892629067,1725501555407799745,1725501555530467687,0.0,0.122667942,0.0,0.0306669855,0.0,141190.0,141200.0,0.7082654578936185,0.28328611898017,0.56657223796034,0.0,2024-09-05,85603,cba
7904793995830139759,85603,2.0,25.0,0.08,8.0,1.0,2.0,Partially Filled,141220.0,141215.0,141210.0,141220.0,10.0,0.708140070105867,141220.0,0.0,0.0,-0.3540700350529335,-1.062285329839595,100.0,-0.3540700350529335,0.3540700350529335,282440.0,1725501570339340202,1725501570303931991,1725501570303931991,0.0,0.0,0.0,0.0,0.0,141205.0,141205.0,0.0,2.12457065967919,0.0,0.0,2024-09-05,85603,cba
7904793995830141765,85603,49.0,132.0,0.3712121212121212,37.121212121212125,2.0,24.5,Partially Filled,141250.0,141240.0,141230.0,141250.0,20.0,1.416029453412631,141250.0,0.0,0.0,-0.7080147267063155,-0.7080147267063155,100.0,-0.7080147267063155,0.7080147267063155,6921250.0,1725501653804409397,1725501633259262753,1725501650569365977,0.0,17.310103224,0.0,17.310103224,0.0,141240.0,141240.0,0.0,1.416029453412631,0.0,0.0,2024-09-05,85603,cba
7904793995830148332,85603,10.0,43.0,0.23255813953488372,23.25581395348837,1.0,10.0,Partially Filled,141230.0,141245.0,141240.0,141250.0,10.0,0.7079896633509151,141230.0,0.0,0.0,-1.0619844950263726,-0.7080147267063155,300.0,-1.0619844950263726,-1.0619844950263726,1412300.0,1725501625387114212,1725501624235599050,1725501624235599050,0.0,0.0,0.0,0.0,0.0,141240.0,141240.0,0.0,1.416029453412631,0.0,0.0,2024-09-05,85603,cba
7904793995830155192,85603,19.0,73.0,0.2602739726027397,26.027397260273972,1.0,19.0,Partially Filled,141240.0,141185.0,141180.0,141190.0,10.0,0.7082905407798278,141240.0,0.0,0.0,-3.8955979742890534,-1.0621348911311737,1100.0,-3.8955979742890534,3.8955979742890534,2683560.0,1725501682560412972,1725501667010528749,1725501667010528749,0.0,0.0,0.0,0.0,0.0,141225.0,141225.0,0.0,2.1242697822623473,0.0,0.0,2024-09-05,85603,cba
7904793995830163997,85603,9.0,45.0,0.2,20.0,2.0,4.5,Partially Filled,141170.0,141145.0,141140.0,141150.0,10.0,0.7084912678451238,141170.0,0.0,0.0,-1.7712281696128096,-0.5509846321676736,500.0,-1.7712281696128096,1.7712281696128096,1270530.0,1725501770001201314,1725501713425771088,1725501729779502418,0.0,16.35373133,0.0,16.35373133,0.0,141165.0,141160.0,-0.35419544504657674,1.0626114269111278,0.35422053681797416,0.0,2024-09-05,85603,cba
7904793995830170270,85603,2.0,26.0,0.07692307692307693,7.6923076923076925,1.0,2.0,Partially Filled,141170.0,141155.0,141150.0,141160.0,10.0,0.7084410754135524,141170.0,0.0,0.0,-1.0626616131203286,-1.0626616131203286,300.0,-1.0626616131203286,1.0626616131203286,282340.0,1725501835552309047,1725501835552174517,1725501835552174517,0.0,0.0,0.0,0.0,0.0,141155.0,141155.0,0.0,0.7084410754135524,0.0,0.0,2024-09-05,85603,cba
7904793995830170622,85603,14.0,70.0,0.2,20.0,4.0,3.5,Partially Filled,141160.0,141125.0,141120.0,141130.0,10.0,0.70859167404783,141160.0,0.0,0.0,-2.4800708591674048,-0.45543357571636783,700.0,-2.4800708591674048,2.4800708591674048,1976240.0,1725501790819125181,1725501757936242471,1725501764071847483,0.0,6.135605012,0.0,2.0452016706666667,0.0,141155.0,141150.0,-0.3542205377067762,1.0626867084471234,0.35424563303357093,0.0,2024-09-05,85603,cba
7904793995830173084,85603,11.0,15.0,0.7333333333333333,73.33333333333333,2.0,5.5,Partially Filled,141150.0,141125.0,141120.0,141130.0,10.0,0.70859167404783,141150.0,0.0,0.0,-1.771479185119575,-0.3542456339225619,500.0,-1.771479185119575,1.771479185119575,1552650.0,1725501799001302817,1725501767535761453,1725501767558854779,0.0,0.023093326,0.0,0.023093326,0.0,141145.0,141145.0,0.0,0.7084912678451238,0.0,0.0,2024-09-05,85603,cba
7904793995830176200,85603,10.0,24.0,0.4166666666666667,41.66666666666667,1.0,10.0,Partially Filled,141130.0,141105.0,141100.0,141110.0,10.0,0.7086921087133694,141130.0,0.0,0.0,-1.7717302717834238,-0.354295837023915,500.0,-1.7717302717834238,1.7717302717834238,1411300.0,1725501813001104741,1725501792674103332,1725501792674103332,0.0,0.0,0.0,0.0,0.0,141125.0,141125.0,0.0,0.70859167404783,0.0,0.0,2024-09-05,85603,cba
7904793995830194991,85603,13.0,25.0,0.52,52.0,1.0,13.0,Partially Filled,141130.0,141115.0,141100.0,141130.0,30.0,2.1259256634659676,141130.0,0.0,0.0,-1.0629628317329838,-1.0629628317329838,100.0,-1.0629628317329838,1.0629628317329838,1834690.0,1725501906585141390,1725501906529702338,1725501906529702338,0.0,0.0,0.0,0.0,0.0,141115.0,141115.0,0.0,2.1259256634659676,0.0,0.0,2024-09-05,85603,cba
7904793995830195359,85603,14.0,17.0,0.8235294117647058,82.35294117647058,1.0,14.0,Partially Filled,141130.0,141120.0,141110.0,141130.0,20.0,1.417233560090703,141130.0,0.0,0.0,-0.7086167800453514,-0.7086167800453514,100.0,-0.7086167800453514,0.7086167800453514,1975820.0,1725501911929386200,1725501908974443719,1725501908974443719,0.0,0.0,0.0,0.0,0.0,141120.0,141120.0,0.0,1.417233560090703,0.0,0.0,2024-09-05,85603,cba
7904793995830202215,85603,48.0,61.0,0.7868852459016393,78.68852459016394,5.0,9.6,Partially Filled,141160.0,141145.0,141140.0,141150.0,10.0,0.7084912678451238,141160.0,0.0,0.0,-1.0627369017676858,-0.7084661707403471,300.0,-1.0627369017676858,1.0627369017676858,6775680.0,1725501964009938729,1725501953084046394,1725501961557602951,0.0,8.473556557,0.0,2.11838913925,0.0,141150.0,141150.0,0.0,1.4169323414806942,0.0,0.0,2024-09-05,85603,cba
7904793995830204323,85603,2.0,21.0,0.09523809523809523,9.523809523809524,1.0,2.0,Partially Filled,141150.0,141130.0,141120.0,141140.0,20.0,1.417133139658471,141150.0,0.0,0.0,-1.417133139658471,-0.3542456339225619,200.0,-1.417133139658471,1.417133139658471,282300.0,1725501988000939470,1725501963892751674,1725501963892751674,0.0,0.0,0.0,0.0,0.0,141145.0,141145.0,0.0,0.7084912678451238,0.0,0.0,2024-09-05,85603,cba
7904793995830207219,85603,9.0,25.0,0.36,36.0,1.0,9.0,Partially Filled,141100.0,141065.0,141030.0,141100.0,70.0,4.962251444369617,141100.0,0.0,0.0,-2.4811257221848084,-2.4811257221848084,100.0,-2.4811257221848084,2.4811257221848084,1269900.0,1725501990370786142,1725501990370661814,1725501990370661814,0.0,0.0,0.0,0.0,0.0,141065.0,141065.0,0.0,4.962251444369617,0.0,0.0,2024-09-05,85603,cba
7904793995830207221,85603,1.0,25.0,0.04,4.0,1.0,1.0,Partially Filled,141040.0,141070.0,141040.0,141100.0,60.0,4.253207627419012,141040.0,0.0,0.0,-2.126603813709506,-2.126603813709506,100.0,-2.126603813709506,-2.126603813709506,141040.0,1725501990274150672,1725501990273972639,1725501990273972639,0.0,0.0,0.0,0.0,0.0,141070.0,141070.0,0.0,4.253207627419012,0.0,0.0,2024-09-05,85603,cba
7904793995830207320,85603,20.0,25.0,0.8,80.0,2.0,10.0,Partially Filled,141110.0,141090.0,141070.0,141110.0,40.0,2.83506981359416,141110.0,0.0,0.0,-1.41753490679708,-0.8150398745737789,100.0,-1.41753490679708,1.41753490679708,2822200.0,1725502244430555212,1725501991011205561,1725502244192236291,0.0,253.18103073,0.0,253.18103073,0.0,141100.0,141090.0,-0.7087172218284904,2.1262521286255702,0.7088176849685895,0.0,2024-09-05,85603,cba
7904793995830207581,85603,7.0,25.0,0.28,28.000000000000004,2.0,3.5,Partially Filled,141090.0,141070.0,141060.0,141080.0,20.0,1.4177358758063374,141090.0,0.0,0.0,-1.4177358758063374,-1.772232658703435,200.0,-1.4177358758063374,1.4177358758063374,987630.0,1725502242292931817,1725501991531719603,1725501991595011464,0.0,0.063291861,0.0,0.063291861,0.0,141065.0,141065.0,0.0,3.5444653174068694,0.0,0.0,2024-09-05,85603,cba
7904793995830219006,85603,4.0,25.0,0.16,16.0,1.0,4.0,Partially Filled,141060.0,141050.0,141030.0,141070.0,40.0,2.835873803615739,141060.0,0.0,0.0,-0.7089684509039348,-1.0634903754121026,50.0,-0.7089684509039348,0.7089684509039348,564240.0,1725502070302135913,1725502070301985049,1725502070301985049,0.0,0.0,0.0,0.0,0.0,141045.0,141045.0,0.0,2.126980750824205,0.0,0.0,2024-09-05,85603,cba
7904793995830219210,85603,1.0,25.0,0.04,4.0,1.0,1.0,Partially Filled,141060.0,141040.0,141020.0,141060.0,40.0,2.836074872376631,141060.0,0.0,0.0,-1.4180374361883155,-1.0634903754121026,100.0,-1.4180374361883155,1.4180374361883155,141060.0,1725502225359538547,1725502071039137699,1725502071039137699,0.0,0.0,0.0,0.0,0.0,141045.0,141045.0,0.0,2.126980750824205,0.0,0.0,2024-09-05,85603,cba
7904793995830219754,85603,32.0,64.0,0.5,50.0,1.0,32.0,Partially Filled,141040.0,140980.0,140970.0,140990.0,20.0,1.4186409419775854,141040.0,0.0,0.0,-4.255922825932756,-1.0636411983690834,600.0,-4.255922825932756,4.255922825932756,4513280.0,1725502082723892832,1725502077548466200,1725502077548466200,0.0,0.0,0.0,0.0,0.0,141025.0,141025.0,0.0,2.127282396738167,0.0,0.0,2024-09-05,85603,cba
7904793995830220977,85603,7.0,25.0,0.28,28.000000000000004,1.0,7.0,Partially Filled,141020.0,141020.0,141010.0,141030.0,20.0,1.4182385477237271,141020.0,0.0,0.0,-0.0,-0.35457220863028754,0.0,-0.0,0.0,987140.0,1725502079642692778,1725502079630867277,1725502079630867277,0.0,0.0,0.0,0.0,0.0,141015.0,141015.0,0.0,0.7091444172605751,0.0,0.0,2024-09-05,85603,cba
7904793995830223819,85603,4.0,64.0,0.0625,6.25,1.0,4.0,Partially Filled,140970.0,140965.0,140930.0,141000.0,70.0,4.965771645443905,140970.0,0.0,0.0,-0.3546979746745646,-1.4189428875487762,14.285714285714285,-0.3546979746745646,0.3546979746745646,563880.0,1725502088039347168,1725502087206750755,1725502087206750755,0.0,0.0,0.0,0.0,0.0,140950.0,140950.0,0.0,2.8378857750975524,0.0,0.0,2024-09-05,85603,cba
7904793995830227954,85603,17.0,25.0,0.68,68.0,2.0,8.5,Partially Filled,141000.0,140980.0,140960.0,141000.0,40.0,2.837281883955171,141000.0,0.0,0.0,-1.4186409419775854,-1.0848075590873079,100.0,-1.4186409419775854,1.4186409419775854,2397000.0,1725502145898724232,1725502101928139984,1725502102787754847,0.0,0.859614863,0.0,0.859614863,0.0,140985.0,140980.0,-0.3546476575522219,2.482583914634251,0.3546979693209198,0.0,2024-09-05,85603,cba
7904793995830229832,85603,59.0,63.0,0.9365079365079365,93.65079365079364,1.0,59.0,Partially Filled,140950.0,140940.0,140920.0,140960.0,40.0,2.838087129274869,140950.0,0.0,0.0,-0.7095217823187172,-1.4191442560136238,50.0,-0.7095217823187172,0.7095217823187172,8316050.0,1725502125311856690,1725502124810846659,1725502124810846659,0.0,0.0,0.0,0.0,0.0,140930.0,140930.0,0.0,2.8382885120272476,0.0,0.0,2024-09-05,85603,cba
7904793995830244812,85603,3.0,25.0,0.12,12.0,2.0,1.5,Partially Filled,140950.0,140935.0,140920.0,140950.0,30.0,2.1286408628090965,140950.0,0.0,0.0,-1.0643204314045482,-1.0643204314045482,100.0,-1.0643204314045482,1.0643204314045482,422850.0,1725502170829186040,1725502162908599288,1725502163785551327,0.0,0.876952039,0.0,0.876952039,0.0,140935.0,140935.0,0.0,2.1286408628090965,0.0,0.0,2024-09-05,85603,cba
7904793995830244950,85603,16.0,241.0,0.06639004149377593,6.639004149377594,1.0,16.0,Partially Filled,140980.0,140965.0,140950.0,140980.0,30.0,2.1281878480473875,140980.0,0.0,0.0,-1.0640939240236937,-1.0640939240236937,100.0,-1.0640939240236937,1.0640939240236937,2255680.0,1725502191267283885,1725502191066925220,1725502191066925220,0.0,0.0,0.0,0.0,0.0,140965.0,140965.0,0.0,2.1281878480473875,0.0,0.0,2024-09-05,85603,cba
7904793995830247099,85603,21.0,23.0,0.9130434782608695,91.30434782608695,1.0,21.0,Partially Filled,141080.0,141090.0,141070.0,141110.0,40.0,2.83506981359416,141080.0,0.0,0.0,-0.70876745339854,-1.0631135050852263,50.0,-0.70876745339854,-0.70876745339854,2962680.0,1725502332237369694,1725502332237131845,1725502332237131845,0.0,0.0,0.0,0.0,0.0,141095.0,141095.0,0.0,2.1262270101704526,0.0,0.0,2024-09-05,85603,cba
7904793995830260396,85603,41.0,61.0,0.6721311475409836,67.21311475409836,1.0,41.0,Partially Filled,141090.0,141085.0,141070.0,141100.0,30.0,2.126377715561541,141090.0,0.0,0.0,-0.35439628592692346,-0.7088176920895946,33.33333333333333,-0.35439628592692346,0.35439628592692346,5784690.0,1725502250413770896,1725502249417517426,1725502249417517426,0.0,0.0,0.0,0.0,0.0,141080.0,141080.0,0.0,1.417635384179189,0.0,0.0,2024-09-05,85603,cba
7904793995830261372,85603,20.0,25.0,0.8,80.0,2.0,10.0,Partially Filled,141090.0,141075.0,141060.0,141090.0,30.0,2.126528442317916,141090.0,0.0,0.0,-1.063264221158958,-1.063264221158958,100.0,-1.063264221158958,1.063264221158958,2821800.0,1725502255872249080,1725502255872000360,1725502255872103761,0.0,0.000103401,0.0,0.000103401,0.0,141075.0,141075.0,0.0,2.126528442317916,0.0,0.0,2024-09-05,85603,cba
7904793995830272609,85603,19.0,62.0,0.3064516129032258,30.64516129032258,1.0,19.0,Partially Filled,141170.0,141165.0,141150.0,141180.0,30.0,2.12517267027946,141170.0,0.0,0.0,-0.35419544504657674,-1.0626616131203286,33.33333333333333,-0.35419544504657674,0.35419544504657674,2682230.0,1725502328163251372,1725502327430216758,1725502327430216758,0.0,0.0,0.0,0.0,0.0,141155.0,141155.0,0.0,2.125323226240657,0.0,0.0,2024-09-05,85603,cba
7904793995830274445,85603,13.0,25.0,0.52,52.0,1.0,13.0,Partially Filled,141150.0,141115.0,141100.0,141130.0,30.0,2.1259256634659676,141150.0,0.0,0.0,-2.4802466073769622,-0.3542456339225619,233.33333333333334,-2.4802466073769622,2.4802466073769622,1834950.0,1725502407297904731,1725502328648833247,1725502328648833247,0.0,0.0,0.0,0.0,0.0,141145.0,141145.0,0.0,0.7084912678451238,0.0,0.0,2024-09-05,85603,cba
7904793995830276411,85603,30.0,62.0,0.4838709677419355,48.38709677419355,2.0,15.0,Partially Filled,141070.0,141060.0,141040.0,141080.0,40.0,2.835672763363108,141070.0,0.0,0.0,-0.708918190840777,-1.0634149799723511,50.0,-0.708918190840777,0.708918190840777,4232100.0,1725502347759940720,1725502347536109203,1725502347540869297,0.0,0.004760094,0.0,0.004760094,0.0,141055.0,141055.0,0.0,2.1268299599447023,0.0,0.0,2024-09-05,85603,cba
7904793995830278704,85603,7.0,45.0,0.15555555555555556,15.555555555555555,1.0,7.0,Partially Filled,141070.0,141055.0,141040.0,141070.0,30.0,2.1268299599447023,141070.0,0.0,0.0,-1.0634149799723511,-1.0634149799723511,100.0,-1.0634149799723511,1.0634149799723511,987490.0,1725502349877393348,1725502349770071312,1725502349770071312,0.0,0.0,0.0,0.0,0.0,141055.0,141055.0,0.0,2.1268299599447023,0.0,0.0,2024-09-05,85603,cba
7904793995830278789,85603,60.0,61.0,0.9836065573770492,98.36065573770492,1.0,60.0,Partially Filled,141070.0,141050.0,141040.0,141060.0,20.0,1.4179369018078696,141070.0,0.0,0.0,-1.4179369018078696,-1.0634149799723511,200.0,-1.4179369018078696,1.4179369018078696,8464200.0,1725502350065528932,1725502349904274956,1725502349904274956,0.0,0.0,0.0,0.0,0.0,141055.0,141055.0,0.0,2.1268299599447023,0.0,0.0,2024-09-05,85603,cba
7904793995830278946,85603,28.0,61.0,0.45901639344262296,45.90163934426229,4.0,7.0,Partially Filled,141060.0,141020.0,141010.0,141030.0,20.0,1.4182385477237271,141060.0,0.0,0.0,-2.8364770954474543,-0.7089684509039349,400.0,-2.8364770954474543,2.8364770954474543,3949680.0,1725502383991972865,1725502351441291152,1725502358429165900,0.0,6.987874748,0.0,2.329291582666667,0.0,141050.0,141050.0,0.0,1.4179369018078696,0.0,0.0,2024-09-05,85603,cba
7904793995830297795,85603,11.0,20.0,0.55,55.00000000000001,1.0,11.0,Partially Filled,141130.0,141140.0,141120.0,141160.0,40.0,2.8340654669122856,141130.0,0.0,0.0,-0.7085163667280714,-1.0627369017676858,50.0,-0.7085163667280714,-0.7085163667280714,1552430.0,1725502514370637149,1725502514370449307,1725502514370449307,0.0,0.0,0.0,0.0,0.0,141145.0,141145.0,0.0,2.1254738035353715,0.0,0.0,2024-09-05,85603,cba
7904793995830300050,85603,16.0,22.0,0.7272727272727273,72.72727272727273,1.0,16.0,Partially Filled,141180.0,141160.0,141150.0,141170.0,20.0,1.4168319637291018,141180.0,0.0,0.0,-1.4168319637291018,-0.3541703559412077,200.0,-1.4168319637291018,1.4168319637291018,2258880.0,1725502512778214540,1725502507271110846,1725502507271110846,0.0,0.0,0.0,0.0,0.0,141175.0,141175.0,0.0,0.7083407118824154,0.0,0.0,2024-09-05,85603,cba
7904793995830302298,85603,8.0,14.0,0.5714285714285714,57.14285714285714,1.0,8.0,Partially Filled,141140.0,141130.0,141120.0,141140.0,20.0,1.417133139658471,141140.0,0.0,0.0,-0.7085665698292355,-0.7085665698292355,100.0,-0.7085665698292355,0.7085665698292355,1129120.0,1725502524605559219,1725502521268752437,1725502521268752437,0.0,0.0,0.0,0.0,0.0,141130.0,141130.0,0.0,1.417133139658471,0.0,0.0,2024-09-05,85603,cba
7904793995830302842,85603,15.0,17.0,0.8823529411764706,88.23529411764706,1.0,15.0,Partially Filled,141130.0,141125.0,141120.0,141130.0,10.0,0.70859167404783,141130.0,0.0,0.0,-0.354295837023915,-0.354295837023915,100.0,-0.354295837023915,0.354295837023915,2116950.0,1725502530753544714,1725502527457889224,1725502527457889224,0.0,0.0,0.0,0.0,0.0,141125.0,141125.0,0.0,0.70859167404783,0.0,0.0,2024-09-05,85603,cba
7904793995830306181,85603,7.0,25.0,0.28,28.000000000000004,1.0,7.0,Partially Filled,141190.0,141180.0,141170.0,141190.0,20.0,1.4166312508853944,141190.0,0.0,0.0,-0.7083156254426972,-0.7083156254426972,100.0,-0.7083156254426972,0.7083156254426972,988330.0,1725502561835496161,1725502560766663502,1725502560766663502,0.0,0.0,0.0,0.0,0.0,141180.0,141180.0,0.0,1.4166312508853944,0.0,0.0,2024-09-05,85603,cba
7904793995830307235,85603,11.0,14.0,0.7857142857142857,78.57142857142857,2.0,5.5,Partially Filled,141180.0,141175.0,141170.0,141180.0,10.0,0.7083407118824154,141180.0,0.0,0.0,-0.3541703559412077,-0.3541703559412077,100.0,-0.3541703559412077,0.3541703559412077,1552980.0,1725502570279320151,1725502568219650748,1725502568855786164,0.0,0.636135416,0.0,0.636135416,0.0,141175.0,141175.0,0.0,0.7083407118824154,0.0,0.0,2024-09-05,85603,cba
7904793995830307316,85603,6.0,58.0,0.10344827586206896,10.344827586206897,1.0,6.0,Partially Filled,141180.0,141180.0,141170.0,141190.0,20.0,1.4166312508853944,141180.0,0.0,0.0,-0.0,-0.3541703559412077,0.0,-0.0,0.0,847080.0,1725502571353070661,1725502570835039399,1725502570835039399,0.0,0.0,0.0,0.0,0.0,141175.0,141175.0,0.0,0.7083407118824154,0.0,0.0,2024-09-05,85603,cba
7904793995830333278,85603,4.0,25.0,0.16,16.0,1.0,4.0,Partially Filled,141240.0,141240.0,141220.0,141260.0,40.0,2.832058906825262,141240.0,0.0,0.0,-0.0,-0.7080648587410607,0.0,-0.0,0.0,564960.0,1725502759527737783,1725502759211541909,1725502759211541909,0.0,0.0,0.0,0.0,0.0,141230.0,141230.0,0.0,1.4161297174821215,0.0,0.0,2024-09-05,85603,cba
7904793995830339226,85603,17.0,28.0,0.6071428571428571,60.71428571428571,1.0,17.0,Partially Filled,141200.0,141170.0,141160.0,141180.0,20.0,1.4167316001983425,141200.0,0.0,0.0,-2.1250974002975136,-0.35412018839194026,300.0,-2.1250974002975136,2.1250974002975136,2400400.0,1725502833040470916,1725502800104706813,1725502800104706813,0.0,0.0,0.0,0.0,0.0,141195.0,141195.0,0.0,0.7082403767838805,0.0,0.0,2024-09-05,85603,cba
7904793995830340681,85603,7.0,25.0,0.28,28.000000000000004,1.0,7.0,Partially Filled,141180.0,141165.0,141150.0,141180.0,30.0,2.12517267027946,141180.0,0.0,0.0,-1.06258633513973,-0.35417035594120766,100.0,-1.06258633513973,1.06258633513973,988260.0,1725502814651534346,1725502811375391831,1725502811375391831,0.0,0.0,0.0,0.0,0.0,141175.0,141175.0,0.0,0.7083407118824154,0.0,0.0,2024-09-05,85603,cba
7904793995830341670,85603,21.0,24.0,0.875,87.5,1.0,21.0,Partially Filled,141230.0,141230.0,141210.0,141250.0,40.0,2.832259434964243,141230.0,0.0,0.0,-0.0,-0.708114997875655,0.0,-0.0,0.0,2965830.0,1725502846197415517,1725502846197276064,1725502846197276064,0.0,0.0,0.0,0.0,0.0,141220.0,141220.0,0.0,1.41622999575131,0.0,0.0,2024-09-05,85603,cba
7904793995830346016,85603,14.0,26.0,0.5384615384615384,53.84615384615385,2.0,7.0,Partially Filled,141250.0,141190.0,141180.0,141200.0,20.0,1.416530915787237,141250.0,0.0,0.0,-4.249592747361711,-0.7080147267063156,600.0,-4.249592747361711,4.249592747361711,1977500.0,1725502884001194572,1725502854400958346,1725502857402642164,0.0,3.001683818,0.0,3.001683818,0.0,141240.0,141240.0,0.0,1.416029453412631,0.0,0.0,2024-09-05,85603,cba
7904793995830348355,85603,10.0,25.0,0.4,40.0,1.0,10.0,Partially Filled,141190.0,141200.0,141190.0,141210.0,20.0,1.4164305949008498,141190.0,0.0,0.0,-0.7082152974504249,-0.7082152974504249,100.0,-0.7082152974504249,-0.7082152974504249,1411900.0,1725502868882901961,1725502868882718148,1725502868882718148,0.0,0.0,0.0,0.0,0.0,141200.0,141200.0,0.0,1.4164305949008498,0.0,0.0,2024-09-05,85603,cba
7904793995830351498,85603,21.0,59.0,0.3559322033898305,35.59322033898305,1.0,21.0,Partially Filled,141230.0,141205.0,141190.0,141220.0,30.0,2.12457065967919,141230.0,0.0,0.0,-1.7704755497326583,-1.4163302882232138,166.66666666666669,-1.7704755497326583,1.7704755497326583,2965830.0,1725502893554472242,1725502892831805944,1725502892831805944,0.0,0.0,0.0,0.0,0.0,141210.0,141210.0,0.0,2.8326605764464277,0.0,0.0,2024-09-05,85603,cba
7904793995830351757,85603,6.0,16.0,0.375,37.5,2.0,3.0,Partially Filled,141220.0,141170.0,141160.0,141180.0,20.0,1.4167316001983425,141220.0,0.0,0.0,-3.541829000495856,-1.062285329839595,500.0,-3.541829000495856,3.541829000495856,847320.0,1725502926001027926,1725502893041460991,1725502893522211060,0.0,0.480750069,0.0,0.480750069,0.0,141205.0,141205.0,0.0,2.12457065967919,0.0,0.0,2024-09-05,85603,cba
7904793995830353229,85603,1.0,32.0,0.03125,3.125,1.0,1.0,Partially Filled,141210.0,141170.0,141160.0,141180.0,20.0,1.4167316001983425,141210.0,0.0,0.0,-2.833463200396685,-1.0623605651758208,400.0,-2.833463200396685,2.833463200396685,141210.0,1725502927041457812,1725502903346573584,1725502903346573584,0.0,0.0,0.0,0.0,0.0,141195.0,141195.0,0.0,2.1247211303516416,0.0,0.0,2024-09-05,85603,cba
7904793995830354347,85603,7.0,16.0,0.4375,43.75,1.0,7.0,Partially Filled,141190.0,141140.0,141130.0,141150.0,20.0,1.4170327334561428,141190.0,0.0,0.0,-3.542581833640357,-0.3541452703899139,500.0,-3.542581833640357,3.542581833640357,988330.0,1725502948040468953,1725502916829908156,1725502916829908156,0.0,0.0,0.0,0.0,0.0,141185.0,141185.0,0.0,0.7082905407798278,0.0,0.0,2024-09-05,85603,cba
7904793995830357799,85603,9.0,48.0,0.1875,18.75,2.0,4.5,Partially Filled,141170.0,141140.0,141120.0,141160.0,40.0,2.8340654669122856,141170.0,0.0,0.0,-2.125549100184214,-0.35419544504657674,150.0,-2.125549100184214,2.125549100184214,1270530.0,1725502966001157372,1725502942826660547,1725502942829750710,0.0,0.003090163,0.0,0.003090163,0.0,141165.0,141165.0,0.0,0.7083908900931535,0.0,0.0,2024-09-05,85603,cba
7904793995830359036,85603,12.0,25.0,0.48,48.0,1.0,12.0,Partially Filled,141120.0,141145.0,141120.0,141170.0,50.0,3.542456339225619,141120.0,0.0,0.0,-1.7712281696128096,-2.479543763947434,100.0,-1.7712281696128096,-1.7712281696128096,1693440.0,1725502954534566130,1725502953510160663,1725502953510160663,0.0,0.0,0.0,0.0,0.0,141155.0,141155.0,0.0,2.125323226240657,0.0,0.0,2024-09-05,85603,cba
7904793995830359954,85603,4.0,17.0,0.23529411764705882,23.52941176470588,1.0,4.0,Partially Filled,141160.0,141115.0,141110.0,141120.0,10.0,0.7086418878219891,141160.0,0.0,0.0,-3.188888495198951,-1.0627369017676858,900.0,-3.188888495198951,3.188888495198951,564640.0,1725502992001381430,1725502967227628273,1725502967227628273,0.0,0.0,0.0,0.0,0.0,141145.0,141145.0,0.0,2.1254738035353715,0.0,0.0,2024-09-05,85603,cba
7904793995830362510,85603,4.0,42.0,0.09523809523809523,9.523809523809524,1.0,4.0,Partially Filled,141130.0,141100.0,141090.0,141110.0,20.0,1.4174344436569808,141130.0,0.0,0.0,-2.1261516654854713,-0.354295837023915,300.0,-2.1261516654854713,2.1261516654854713,564520.0,1725503006040462593,1725502979041464500,1725502979041464500,0.0,0.0,0.0,0.0,0.0,141125.0,141125.0,0.0,0.70859167404783,0.0,0.0,2024-09-05,85603,cba
7904793995830372534,85603,60.0,65.0,0.9230769230769231,92.3076923076923,1.0,60.0,Partially Filled,141150.0,141130.0,141120.0,141140.0,20.0,1.417133139658471,141150.0,0.0,0.0,-1.417133139658471,-1.0628122010840686,200.0,-1.417133139658471,1.417133139658471,8469000.0,1725503070877894117,1725503069763979491,1725503069763979491,0.0,0.0,0.0,0.0,0.0,141135.0,141135.0,0.0,2.125624402168137,0.0,0.0,2024-09-05,85603,cba
7904793995830377020,85603,2.0,26.0,0.07692307692307693,7.6923076923076925,2.0,1.0,Partially Filled,141140.0,141115.0,141100.0,141130.0,30.0,2.1259256634659676,141140.0,0.0,0.0,-1.771604719554973,-0.5314186517619625,166.66666666666669,-1.771604719554973,1.771604719554973,282280.0,1725503124000782164,1725503101174684088,1725503115176320700,0.0,14.001636612,0.0,14.001636612,0.0,141130.0,141135.0,0.35428328491461775,1.062837303523925,0.354295836134546,0.0,2024-09-05,85603,cba
7904793995830379772,85603,1.0,65.0,0.015384615384615385,1.5384615384615385,1.0,1.0,Partially Filled,141130.0,141095.0,141090.0,141100.0,10.0,0.7087423367234842,141130.0,0.0,0.0,-2.4805981785321944,-1.0629628317329838,700.0,-2.4805981785321944,2.4805981785321944,141130.0,1725503154119364111,1725503123391859957,1725503123391859957,0.0,0.0,0.0,0.0,0.0,141115.0,141115.0,0.0,2.1259256634659676,0.0,0.0,2024-09-05,85603,cba
7904793995830381046,85603,10.0,30.0,0.3333333333333333,33.33333333333333,1.0,10.0,Partially Filled,141120.0,141095.0,141090.0,141100.0,10.0,0.7087423367234842,141120.0,0.0,0.0,-1.7718558418087105,-0.7086669973779322,500.0,-1.7718558418087105,1.7718558418087105,1411200.0,1725503167040463405,1725503139236612063,1725503139236612063,0.0,0.0,0.0,0.0,0.0,141110.0,141110.0,0.0,1.4173339947558643,0.0,0.0,2024-09-05,85603,cba
7904793995830382793,85603,1.0,65.0,0.015384615384615385,1.5384615384615385,1.0,1.0,Partially Filled,141100.0,141060.0,141050.0,141070.0,20.0,1.417836381681554,141100.0,0.0,0.0,-2.835672763363108,-0.3543711683617421,400.0,-2.835672763363108,2.835672763363108,141100.0,1725503249562185202,1725503162921184801,1725503162921184801,0.0,0.0,0.0,0.0,0.0,141095.0,141095.0,0.0,0.7087423367234842,0.0,0.0,2024-09-05,85603,cba
7904793995830383528,85603,12.0,25.0,0.48,48.0,3.0,4.0,Partially Filled,141094.16666666666,141080.0,141070.0,141090.0,20.0,1.417635384179189,141090.0,4.166666666656965,0.29531977224870404,-1.004158397126238,-0.413456054264324,141.66666666656965,-1.004158397126238,1.0041583971269257,1693130.0,1725503170322151419,1725503170129431847,1725503170132884060,0.0,0.003452213,0.0,0.0017261065,0.0,141090.0,141080.0,-0.70876745339854,0.4725451280597297,0.6682797289354008,0.20459749783759987,2024-09-05,85603,cba
7904793995830389549,85603,29.0,30.0,0.9666666666666667,96.66666666666667,4.0,7.25,Partially Filled,141120.0,141105.0,141100.0,141110.0,10.0,0.7086921087133694,141120.0,0.0,0.0,-1.0630381630700543,-0.48872806763983295,300.0,-1.0630381630700543,1.0630381630700543,4092480.0,1725503342185456758,1725503286071642717,1725503301357655790,0.0,15.286013073,0.0,5.095337691,0.0,141110.0,141115.0,0.3543334986889661,0.8858149145554579,0.30687268403312695,0.0,2024-09-05,85603,cba
7904793995830395391,85603,10.0,25.0,0.4,40.0,4.0,2.5,Partially Filled,141060.0,141065.0,141060.0,141070.0,10.0,0.7088930634813739,141060.0,0.0,0.0,-0.35444653174068697,-0.35444653174068697,100.0,-0.35444653174068697,-0.35444653174068697,1410600.0,1725503269142324946,1725503268617376992,1725503268757005301,0.0,0.139628309,0.0,0.04654276966666667,0.0,141065.0,141065.0,0.0,0.7088930634813739,0.0,0.0,2024-09-05,85603,cba
7904793995830414989,85603,10.0,25.0,0.4,40.0,1.0,10.0,Partially Filled,141030.0,141055.0,141040.0,141070.0,30.0,2.1268299599447023,141030.0,0.0,0.0,-1.7723582999539187,-1.7723582999539187,166.66666666666669,-1.7723582999539187,-1.7723582999539187,1410300.0,1725503443649020350,1725503443648615823,1725503443648615823,0.0,0.0,0.0,0.0,0.0,141055.0,141055.0,0.0,2.1268299599447023,0.0,0.0,2024-09-05,85603,cba
7904793995830420510,85603,4.0,25.0,0.16,16.0,1.0,4.0,Partially Filled,141060.0,141040.0,141020.0,141060.0,40.0,2.836074872376631,141060.0,0.0,0.0,-1.4180374361883155,-0.7089684509039348,100.0,-1.4180374361883155,1.4180374361883155,564240.0,1725503480565817476,1725503466049972296,1725503466049972296,0.0,0.0,0.0,0.0,0.0,141050.0,141050.0,0.0,1.4179369018078696,0.0,0.0,2024-09-05,85603,cba
7904793995830420627,85603,4.0,25.0,0.16,16.0,1.0,4.0,Partially Filled,141040.0,141035.0,141020.0,141050.0,30.0,2.1271315630871768,141040.0,0.0,0.0,-0.3545219271811962,-0.7090689924129617,33.33333333333333,-0.3545219271811962,0.3545219271811962,564160.0,1725503466201990229,1725503466189937110,1725503466189937110,0.0,0.0,0.0,0.0,0.0,141030.0,141030.0,0.0,1.4181379848259235,0.0,0.0,2024-09-05,85603,cba
7904793995830423135,85603,10.0,13.0,0.7692307692307693,76.92307692307693,1.0,10.0,Partially Filled,141040.0,141050.0,141040.0,141060.0,20.0,1.4179369018078696,141040.0,0.0,0.0,-0.7089684509039348,-0.7089684509039348,100.0,-0.7089684509039348,-0.7089684509039348,1410400.0,1725503494168258245,1725503492795319474,1725503492795319474,0.0,0.0,0.0,0.0,0.0,141050.0,141050.0,0.0,1.4179369018078696,0.0,0.0,2024-09-05,85603,cba
7904793995830424385,85603,14.0,17.0,0.8235294117647058,82.35294117647058,2.0,7.0,Partially Filled,141070.0,141055.0,141040.0,141070.0,30.0,2.1268299599447023,141070.0,0.0,0.0,-1.0634149799723511,-1.0634149799723511,100.0,-1.0634149799723511,1.0634149799723511,1974980.0,1725503509115476061,1725503505717398524,1725503507346327277,0.0,1.628928753,0.0,1.628928753,0.0,141055.0,141055.0,0.0,2.1268299599447023,0.0,0.0,2024-09-05,85603,cba
7904793995830437605,85603,28.0,32.0,0.875,87.5,2.0,14.0,Partially Filled,141070.0,141040.0,141030.0,141050.0,20.0,1.4180374361883155,141070.0,0.0,0.0,-2.127056154282473,-1.0634149799723511,300.0,-2.127056154282473,2.127056154282473,3949960.0,1725503676041487317,1725503651171882050,1725503660609450066,0.0,9.437568016,0.0,9.437568016,0.0,141055.0,141055.0,0.0,2.1268299599447023,0.0,0.0,2024-09-05,85603,cba
7904793995830449199,85603,4.0,14.0,0.2857142857142857,28.57142857142857,1.0,4.0,Partially Filled,141060.0,141050.0,141040.0,141060.0,20.0,1.4179369018078696,141060.0,0.0,0.0,-0.7089684509039348,-0.7089684509039348,100.0,-0.7089684509039348,0.7089684509039348,564240.0,1725503739535312297,1725503734524369829,1725503734524369829,0.0,0.0,0.0,0.0,0.0,141050.0,141050.0,0.0,1.4179369018078696,0.0,0.0,2024-09-05,85603,cba
7904793995830450441,85603,13.0,25.0,0.52,52.0,1.0,13.0,Partially Filled,141060.0,141045.0,141030.0,141060.0,30.0,2.126980750824205,141060.0,0.0,0.0,-1.0634903754121026,-1.0634903754121026,100.0,-1.0634903754121026,1.0634903754121026,1833780.0,1725503743706680279,1725503743706368317,1725503743706368317,0.0,0.0,0.0,0.0,0.0,141045.0,141045.0,0.0,2.126980750824205,0.0,0.0,2024-09-05,85603,cba
7904793995830452949,85603,8.0,27.0,0.2962962962962963,29.629629629629626,1.0,8.0,Partially Filled,141050.0,141020.0,141010.0,141030.0,20.0,1.4182385477237271,141050.0,0.0,0.0,-2.1273578215855906,-0.3544967918040342,300.0,-2.1273578215855906,2.1273578215855906,1128400.0,1725503789000939211,1725503761388801858,1725503761388801858,0.0,0.0,0.0,0.0,0.0,141045.0,141045.0,0.0,0.7089935836080684,0.0,0.0,2024-09-05,85603,cba
7904793995830454152,85603,2.0,25.0,0.08,8.0,1.0,2.0,Partially Filled,141020.0,141020.0,141010.0,141030.0,20.0,1.4182385477237271,141020.0,0.0,0.0,-0.0,-0.35457220863028754,0.0,-0.0,0.0,282040.0,1725503771496464500,1725503771495074005,1725503771495074005,0.0,0.0,0.0,0.0,0.0,141015.0,141015.0,0.0,0.7091444172605751,0.0,0.0,2024-09-05,85603,cba
7904793995830454785,85603,10.0,15.0,0.6666666666666666,66.66666666666666,1.0,10.0,Partially Filled,141020.0,141015.0,141010.0,141020.0,10.0,0.7091444172605751,141020.0,0.0,0.0,-0.35457220863028754,-0.35457220863028754,100.0,-0.35457220863028754,0.35457220863028754,1410200.0,1725503778337391972,1725503774673835271,1725503774673835271,0.0,0.0,0.0,0.0,0.0,141015.0,141015.0,0.0,0.7091444172605751,0.0,0.0,2024-09-05,85603,cba
7904793995830459692,85603,7.0,25.0,0.28,28.000000000000004,1.0,7.0,Partially Filled,141020.0,141035.0,141020.0,141050.0,30.0,2.1271315630871768,141020.0,0.0,0.0,-1.0635657815435884,-1.4180374361883155,100.0,-1.0635657815435884,-1.0635657815435884,987140.0,1725503823148066498,1725503819812811711,1725503819812811711,0.0,0.0,0.0,0.0,0.0,141040.0,141040.0,0.0,2.836074872376631,0.0,0.0,2024-09-05,85603,cba
7904793995830460750,85603,16.0,25.0,0.64,64.0,1.0,16.0,Partially Filled,141050.0,141015.0,141010.0,141020.0,10.0,0.7091444172605751,141050.0,0.0,0.0,-2.482005460412013,-1.4181379848259235,700.0,-2.482005460412013,2.482005460412013,2256800.0,1725504242003893610,1725503830827373755,1725503830827373755,0.0,0.0,0.0,0.0,0.0,141030.0,141030.0,0.0,2.836275969651847,0.0,0.0,2024-09-05,85603,cba
7904793995830460890,85603,17.0,23.0,0.7391304347826086,73.91304347826086,1.0,17.0,Partially Filled,141030.0,141020.0,141010.0,141030.0,20.0,1.4182385477237271,141030.0,0.0,0.0,-0.7091192738618636,-0.7091192738618636,100.0,-0.7091192738618636,0.7091192738618636,2397510.0,1725503829906994015,1725503829816966050,1725503829816966050,0.0,0.0,0.0,0.0,0.0,141020.0,141020.0,0.0,1.4182385477237271,0.0,0.0,2024-09-05,85603,cba
7904793995830462056,85603,13.0,25.0,0.52,52.0,1.0,13.0,Partially Filled,141040.0,141010.0,141000.0,141020.0,20.0,1.4183391248847599,141040.0,0.0,0.0,-2.12750868732714,-2.12750868732714,300.0,-2.12750868732714,2.12750868732714,1833520.0,1725504235811958185,1725504235729028637,1725504235729028637,0.0,0.0,0.0,0.0,0.0,141010.0,141010.0,0.0,1.4183391248847599,0.0,0.0,2024-09-05,85603,cba
7904793995830462062,85603,2.0,25.0,0.08,8.0,1.0,2.0,Partially Filled,141030.0,141025.0,141010.0,141040.0,30.0,2.127282396738167,141030.0,0.0,0.0,-0.35454706612302783,-0.7091192738618636,33.33333333333333,-0.35454706612302783,0.35454706612302783,282060.0,1725503832550264887,1725503832546716457,1725503832546716457,0.0,0.0,0.0,0.0,0.0,141020.0,141020.0,0.0,1.4182385477237271,0.0,0.0,2024-09-05,85603,cba
7904793995830462602,85603,7.0,23.0,0.30434782608695654,30.434782608695656,1.0,7.0,Partially Filled,141030.0,140940.0,140930.0,140950.0,20.0,1.4190435646374344,141030.0,0.0,0.0,-6.385696040868455,-0.7091192738618636,900.0,-6.385696040868455,6.385696040868455,987210.0,1725503868040480678,1725503834611594083,1725503834611594083,0.0,0.0,0.0,0.0,0.0,141020.0,141020.0,0.0,1.4182385477237271,0.0,0.0,2024-09-05,85603,cba
7904793995830466629,85603,1.0,16.0,0.0625,6.25,1.0,1.0,Partially Filled,141010.0,140950.0,140940.0,140960.0,20.0,1.4189428875487762,141010.0,0.0,0.0,-4.2568286626463285,-0.35459735470373394,600.0,-4.2568286626463285,4.2568286626463285,141010.0,1725503893041485058,1725503859844950750,1725503859844950750,0.0,0.0,0.0,0.0,0.0,141005.0,141005.0,0.0,0.7091947094074679,0.0,0.0,2024-09-05,85603,cba
7904793995830468074,85603,2.0,4.0,0.5,50.0,1.0,2.0,Partially Filled,140960.0,140950.0,140940.0,140960.0,20.0,1.4189428875487762,140960.0,0.0,0.0,-0.7094714437743881,-0.3547231385903302,100.0,-0.7094714437743881,0.7094714437743881,281920.0,1725503892130914095,1725503867153655685,1725503867153655685,0.0,0.0,0.0,0.0,0.0,140955.0,140955.0,0.0,0.7094462771806604,0.0,0.0,2024-09-05,85603,cba
7904793995830479396,85603,43.0,53.0,0.8113207547169812,81.13207547169812,1.0,43.0,Partially Filled,140880.0,140870.0,140860.0,140880.0,20.0,1.4197487044793073,140880.0,0.0,0.0,-0.7098743522396537,-0.354924578527063,100.0,-0.7098743522396537,0.7098743522396537,6057840.0,1725503971486264309,1725503950644104542,1725503950644104542,0.0,0.0,0.0,0.0,0.0,140875.0,140875.0,0.0,0.709849157054126,0.0,0.0,2024-09-05,85603,cba
7904793995830481828,85603,11.0,41.0,0.2682926829268293,26.82926829268293,1.0,11.0,Partially Filled,140880.0,140885.0,140880.0,140890.0,10.0,0.7097987720481244,140880.0,0.0,0.0,-0.3548993860240622,-0.3548993860240622,100.0,-0.3548993860240622,-0.3548993860240622,1549680.0,1725503992166896908,1725503992051584027,1725503992051584027,0.0,0.0,0.0,0.0,0.0,140885.0,140885.0,0.0,0.7097987720481244,0.0,0.0,2024-09-05,85603,cba
7904793995830499318,85603,2.0,14.0,0.14285714285714285,14.285714285714285,2.0,1.0,Partially Filled,140900.0,140825.0,140820.0,140830.0,10.0,0.7101011894194923,140900.0,0.0,0.0,-5.325758920646192,-0.7097735822272695,1500.0,-5.325758920646192,5.325758920646192,281800.0,1725504114001032059,1725504089851788843,1725504090484999183,0.0,0.63321034,0.0,0.63321034,0.0,140890.0,140890.0,0.0,1.419547164454539,0.0,0.0,2024-09-05,85603,cba
7904793995830500403,85603,9.0,17.0,0.5294117647058824,52.94117647058824,1.0,9.0,Partially Filled,140890.0,140885.0,140880.0,140890.0,10.0,0.7097987720481244,140890.0,0.0,0.0,-0.3548993860240622,-0.3548993860240622,100.0,-0.3548993860240622,0.3548993860240622,1268010.0,1725504101481406087,1725504098433662615,1725504098433662615,0.0,0.0,0.0,0.0,0.0,140885.0,140885.0,0.0,0.7097987720481244,0.0,0.0,2024-09-05,85603,cba
7904793995830524628,85603,2.0,25.0,0.08,8.0,1.0,2.0,Partially Filled,141030.0,141015.0,141010.0,141020.0,10.0,0.7091444172605751,141030.0,0.0,0.0,-1.0637166258908626,-1.0637166258908626,300.0,-1.0637166258908626,1.0637166258908626,282060.0,1725504239184134070,1725504239175289173,1725504239175289173,0.0,0.0,0.0,0.0,0.0,141015.0,141015.0,0.0,0.7091444172605751,0.0,0.0,2024-09-05,85603,cba
7904793995830527229,85603,2.0,25.0,0.08,8.0,1.0,2.0,Partially Filled,141050.0,141035.0,141020.0,141050.0,30.0,2.1271315630871768,141050.0,0.0,0.0,-1.0635657815435884,-0.7090187180941577,100.0,-1.0635657815435884,1.0635657815435884,282100.0,1725504265622068801,1725504256669031607,1725504256669031607,0.0,0.0,0.0,0.0,0.0,141040.0,141040.0,0.0,1.4180374361883155,0.0,0.0,2024-09-05,85603,cba
7904793995830530018,85603,9.0,25.0,0.36,36.0,1.0,9.0,Partially Filled,141030.0,141045.0,141040.0,141050.0,10.0,0.7089935836080684,141030.0,0.0,0.0,-1.0634903754121026,-1.0634903754121026,300.0,-1.0634903754121026,-1.0634903754121026,1269270.0,1725504278990317633,1725504278990126427,1725504278990126427,0.0,0.0,0.0,0.0,0.0,141045.0,141045.0,0.0,0.7089935836080684,0.0,0.0,2024-09-05,85603,cba
7904793995830533578,85603,23.0,25.0,0.92,92.0,3.0,7.666666666666667,Partially Filled,141070.0,141065.0,141050.0,141080.0,30.0,2.1266791904441216,141070.0,0.0,0.0,-0.35444653174068697,-0.554800078188564,33.33333333333333,-0.35444653174068697,0.35444653174068697,3244610.0,1725504306616613000,1725504305851212406,1725504306616497008,0.0,0.765284602,0.0,0.382642301,0.0,141065.0,141060.0,-0.35444653174068697,1.181521942281494,0.33419908518415975,0.0,2024-09-05,85603,cba
7904793995830538502,85603,10.0,25.0,0.4,40.0,1.0,10.0,Partially Filled,141060.0,141080.0,141060.0,141100.0,40.0,2.835270768358378,141060.0,0.0,0.0,-1.417635384179189,-2.8348688873139616,100.0,-1.417635384179189,-1.417635384179189,1410600.0,1725504422718336140,1725504422717583122,1725504422717583122,0.0,0.0,0.0,0.0,0.0,141100.0,141100.0,0.0,1.4174344436569808,0.0,0.0,2024-09-05,85603,cba
7904793995830547629,85603,2.0,25.0,0.08,8.0,1.0,2.0,Partially Filled,141090.0,141075.0,141060.0,141090.0,30.0,2.126528442317916,141090.0,0.0,0.0,-1.063264221158958,-1.063264221158958,100.0,-1.063264221158958,1.063264221158958,282180.0,1725504423249442546,1725504423249303958,1725504423249303958,0.0,0.0,0.0,0.0,0.0,141075.0,141075.0,0.0,2.126528442317916,0.0,0.0,2024-09-05,85603,cba
7904793995830551026,85603,12.0,38.0,0.3157894736842105,31.57894736842105,1.0,12.0,Partially Filled,141040.0,141050.0,141040.0,141060.0,20.0,1.4179369018078696,141040.0,0.0,0.0,-0.7089684509039348,-0.3544967918040342,100.0,-0.7089684509039348,-0.7089684509039348,1692480.0,1725504548108867427,1725504542874160217,1725504542874160217,0.0,0.0,0.0,0.0,0.0,141045.0,141045.0,0.0,0.7089935836080684,0.0,0.0,2024-09-05,85603,cba
7904793995830553952,85603,25.0,29.0,0.8620689655172413,86.20689655172413,3.0,8.333333333333334,Partially Filled,141080.0,141075.0,141070.0,141080.0,10.0,0.7088428141059719,141080.0,0.0,0.0,-0.35442140705298597,-0.35442140705298597,100.0,-0.35442140705298597,0.35442140705298597,3527000.0,1725504494925453910,1725504487085802113,1725504492577439170,0.0,5.491637057,0.0,2.7458185285,0.0,141075.0,141075.0,0.0,0.708842814105972,1.1102230246251565e-16,0.0,2024-09-05,85603,cba
7904793995830560980,85603,4.0,25.0,0.16,16.0,1.0,4.0,Partially Filled,141060.0,141085.0,141080.0,141090.0,10.0,0.7087925718538469,141060.0,0.0,0.0,-1.7719814296346175,0.0,500.0,-1.7719814296346175,-1.7719814296346175,564240.0,1725504763605231499,1725504549141625648,1725504549141625648,0.0,0.0,0.0,0.0,0.0,141060.0,141060.0,0.0,0.0,0.0,0.0,2024-09-05,85603,cba
7904793995830561174,85603,1.0,25.0,0.04,4.0,1.0,1.0,Partially Filled,141070.0,141070.0,141060.0,141080.0,20.0,1.4177358758063374,141070.0,0.0,0.0,0.0,-0.35442140705298597,0.0,0.0,0.0,141070.0,1725504549700618306,1725504549415566846,1725504549415566846,0.0,0.0,0.0,0.0,0.0,141075.0,141075.0,0.0,0.7088428141059719,0.0,0.0,2024-09-05,85603,cba
7904793995830561459,85603,1.0,3.0,0.3333333333333333,33.33333333333333,1.0,1.0,Partially Filled,141080.0,141130.0,141120.0,141140.0,20.0,1.417133139658471,141080.0,0.0,0.0,-3.542832849146177,-0.35439628592692346,500.0,-3.542832849146177,-3.542832849146177,141080.0,1725504609828523422,1725504549820084478,1725504549820084478,0.0,0.0,0.0,0.0,0.0,141085.0,141085.0,0.0,0.7087925718538469,0.0,0.0,2024-09-05,85603,cba
7904793995830561909,85603,4.0,25.0,0.16,16.0,1.0,4.0,Partially Filled,141090.0,141095.0,141090.0,141100.0,10.0,0.7087423367234842,141090.0,0.0,0.0,-0.3543711683617421,0.0,100.0,-0.3543711683617421,-0.3543711683617421,564360.0,1725504755312709328,1725504551899484097,1725504551899484097,0.0,0.0,0.0,0.0,0.0,141090.0,141090.0,0.0,0.0,0.0,0.0,2024-09-05,85603,cba
7904793995830581274,85603,16.0,28.0,0.5714285714285714,57.14285714285714,2.0,8.0,Partially Filled,141110.0,141130.0,141110.0,141150.0,40.0,2.834266279316942,141110.0,0.0,0.0,-1.417133139658471,-1.417133139658471,100.0,-1.417133139658471,-1.417133139658471,2257760.0,1725504747385159550,1725504744687822568,1725504747384994246,0.0,2.697171678,0.0,2.697171678,0.0,141130.0,141130.0,0.0,2.834266279316942,0.0,0.0,2024-09-05,85603,cba
7904793995830589307,85603,12.0,25.0,0.48,48.0,1.0,12.0,Partially Filled,141140.0,141130.0,141110.0,141150.0,40.0,2.834266279316942,141140.0,0.0,0.0,-0.7085665698292355,-1.0628875110717448,50.0,-0.7085665698292355,0.7085665698292355,1693680.0,1725504749384286252,1725504749382865753,1725504749382865753,0.0,0.0,0.0,0.0,0.0,141125.0,141125.0,0.0,2.1257750221434897,0.0,0.0,2024-09-05,85603,cba
7904793995830589330,85603,11.0,22.0,0.5,50.0,1.0,11.0,Partially Filled,141130.0,141045.0,141040.0,141050.0,10.0,0.7089935836080684,141130.0,0.0,0.0,-6.026445460668581,-0.7086167800453514,1700.0,-6.026445460668581,6.026445460668581,1552430.0,1725504779041536447,1725504749881554070,1725504749881554070,0.0,0.0,0.0,0.0,0.0,141120.0,141120.0,0.0,1.417233560090703,0.0,0.0,2024-09-05,85603,cba
7904793995830591599,85603,37.0,55.0,0.6727272727272727,67.27272727272727,2.0,18.5,Partially Filled,141060.0,141035.0,141030.0,141040.0,10.0,0.7090438543623924,141060.0,0.0,0.0,-1.7726096359059806,-0.7089684509039348,500.0,-1.7726096359059806,1.7726096359059806,5219220.0,1725504800041530388,1725504771551738444,1725504771892548781,0.0,0.340810337,0.0,0.340810337,0.0,141050.0,141050.0,0.0,1.4179369018078696,0.0,0.0,2024-09-05,85603,cba
7904793995830603314,85603,12.0,25.0,0.48,48.0,1.0,12.0,Partially Filled,140980.0,140975.0,140970.0,140980.0,10.0,0.7093456286575635,140980.0,0.0,0.0,-0.3546728143287817,-1.0640939240236937,100.0,-0.3546728143287817,0.3546728143287817,1691760.0,1725504997927362781,1725504851906980190,1725504851906980190,0.0,0.0,0.0,0.0,0.0,140965.0,140965.0,0.0,2.1281878480473875,0.0,0.0,2024-09-05,85603,cba
7904793995830604243,85603,1003.0,2211.0,0.45364088647670736,45.364088647670734,2.0,501.5,Partially Filled,140930.52841475574,140935.0,140920.0,140950.0,30.0,2.1286408628090965,140940.0,9.471585244260496,0.6720296043891368,-0.31727996908223616,-1.026754070330072,29.810568295069974,-0.31727996908223616,-0.31727996908271183,141353320.0,1725504860577588241,1725504860471083807,1725504860471083807,0.0,0.0,0.0,0.0,0.0,140945.0,140945.0,0.0,0.709496612153677,0.0,0.5017413821833878,2024-09-05,85603,cba
7904793995830604336,85603,335.0,1176.0,0.2848639455782313,28.48639455782313,3.0,111.66666666666667,Partially Filled,140936.14925373133,140950.0,140940.0,140960.0,20.0,1.4189428875487762,140940.0,3.850746268668445,0.2732188355802785,-0.982670895258492,-0.2732188355794463,138.50746268668445,-0.982670895258492,-0.9826708952592378,47213610.0,1725504860874735935,1725504860769565655,1725504860769565655,0.0,0.0,0.0,0.0,0.0,140940.0,140940.0,0.0,0.0,0.0,0.2048268922653072,2024-09-05,85603,cba
7904793995830607479,85603,39.0,873.0,0.044673539518900345,4.4673539518900345,3.0,13.0,Partially Filled,140931.28205128206,140945.0,140940.0,140950.0,10.0,0.709496612153677,140940.0,8.71794871793827,0.6185574512514737,-0.9732838141075079,-0.35477025007613006,274.3589743587654,-0.9732838141075079,-0.9732838141082492,5496320.0,1725504893074467034,1725504892828774463,1725504893002735726,0.0,0.173961263,0.0,0.0869806315,0.0,140935.0,140945.0,0.7095469542696987,0.7095301735643581,0.000023731501078829573,0.4096679323328228,2024-09-05,85603,cba
7904793995830607659,85603,26.0,834.0,0.03117505995203837,3.117505995203837,2.0,13.0,Partially Filled,140940.0,140945.0,140940.0,140950.0,10.0,0.709496612153677,140940.0,0.0,0.0,-0.3547483060768385,0.0,100.0,-0.3547483060768385,-0.3547483060768385,3664440.0,1725504893521973194,1725504893288843149,1725504893288843149,0.0,0.0,0.0,0.0,0.0,140940.0,140940.0,0.0,0.0,0.0,0.0,2024-09-05,85603,cba
7904793995830607763,85603,45.0,808.0,0.055693069306930694,5.569306930693069,2.0,22.5,Partially Filled,140940.0,140930.0,140910.0,140950.0,40.0,2.8382885120272476,140940.0,0.0,0.0,0.7095721280068119,0.0,50.0,0.7095721280068119,0.7095721280068119,6342300.0,1725504894019063965,1725504893764307289,1725504893764307289,0.0,0.0,0.0,0.0,0.0,140940.0,140940.0,0.0,0.0,0.0,0.0,2024-09-05,85603,cba
7904793995830608135,85603,304.0,763.0,0.3984272608125819,39.84272608125819,8.0,38.0,Partially Filled,140917.91118421053,140935.0,140910.0,140960.0,50.0,3.5477347713484937,140930.0,12.088815789466025,0.8577886744813755,-1.2125317195491556,-0.8601226277132307,68.3552631578641,-1.2125317195491556,-1.2125317195496992,42839045.0,1725504896366058517,1725504896261276636,1725504896262713201,0.0,0.001436565,0.0,0.00020522357142857144,0.0,140930.0,140940.0,0.7095721280068119,0.1773804455796793,0.4693045464496578,0.3763397295867189,2024-09-05,85603,cba
7904793995830608141,85603,23.0,25.0,0.92,92.0,1.0,23.0,Partially Filled,140900.0,140925.0,140900.0,140950.0,50.0,3.547986517651233,140900.0,0.0,0.0,-1.7739932588256164,-2.1287163840204357,100.0,-1.7739932588256164,-1.7739932588256164,3240700.0,1725504897445520952,1725504897445254997,1725504897445254997,0.0,0.0,0.0,0.0,0.0,140930.0,140930.0,0.0,4.2574327680408715,0.0,0.0,2024-09-05,85603,cba
7904793995830608718,85603,38.0,459.0,0.08278867102396514,8.278867102396514,3.0,12.666666666666666,Partially Filled,140930.0,140930.0,140910.0,140950.0,40.0,2.8382885120272476,140930.0,0.0,0.0,0.0,-0.38277992228094415,0.0,0.0,0.0,5355340.0,1725504899134142671,1725504898909959401,1725504899028874899,0.0,0.118915498,0.0,0.059457749,0.0,140935.0,140940.0,0.35477347713484936,0.9460458243922772,0.3344599096132638,0.0,2024-09-05,85603,cba
7904793995830619885,85603,11.0,25.0,0.44,44.0,2.0,5.5,Partially Filled,140970.0,140965.0,140960.0,140970.0,10.0,0.7093959493491292,140970.0,0.0,0.0,-0.3546979746745646,-0.35469797467456465,100.0,-0.3546979746745646,0.3546979746745646,1550670.0,1725504998054609051,1725504998053206872,1725504998053206872,0.0,0.0,0.0,0.0,0.0,140965.0,140965.0,0.0,0.7093959493491292,0.0,0.0,2024-09-05,85603,cba
7904793995830626333,85603,35.0,382.0,0.09162303664921466,9.162303664921465,4.0,8.75,Partially Filled,140940.0,140930.0,140920.0,140940.0,20.0,1.4191442560136238,140940.0,0.0,0.0,0.7095721280068119,0.0,100.0,0.7095721280068119,0.7095721280068119,4932900.0,1725505050205554841,1725505050101151343,1725505050188519620,0.0,0.087368277,0.0,0.029122758999999998,0.0,140940.0,140940.0,0.0,0.0,0.0,0.0,2024-09-05,85603,cba
7904793995830626761,85603,21.0,24.0,0.875,87.5,1.0,21.0,Partially Filled,140870.0,140875.0,140870.0,140880.0,10.0,0.709849157054126,140870.0,0.0,0.0,-0.354924578527063,-0.7098239636570131,100.0,-0.354924578527063,-0.354924578527063,2958270.0,1725505141318900341,1725505141318727590,1725505141318727590,0.0,0.0,0.0,0.0,0.0,140880.0,140880.0,0.0,1.4196479273140261,0.0,0.0,2024-09-05,85603,cba
7904793995830627103,85603,27.0,347.0,0.07780979827089338,7.780979827089338,1.0,27.0,Partially Filled,140930.0,140930.0,140920.0,140940.0,20.0,1.4191442560136238,140930.0,0.0,0.0,0.0,-0.35477347713484936,0.0,0.0,0.0,3805110.0,1725505058098743015,1725505057854918435,1725505057854918435,0.0,0.0,0.0,0.0,0.0,140935.0,140935.0,0.0,0.7095469542696987,0.0,0.0,2024-09-05,85603,cba
7904793995830627400,85603,28.0,320.0,0.0875,8.75,3.0,9.333333333333334,Partially Filled,140930.0,140930.0,140920.0,140940.0,20.0,1.4191442560136238,140930.0,0.0,0.0,0.0,-0.03801144397873386,0.0,0.0,0.0,3946040.0,1725505060889709156,1725505060784913774,1725505060785406900,0.0,0.000493126,0.0,0.000246563,0.0,140930.0,140935.0,0.35478606400340595,0.23651565142323291,0.33448364195624336,0.0,2024-09-05,85603,cba
7904793995830630131,85603,15.0,24.0,0.625,62.5,1.0,15.0,Partially Filled,140920.0,140915.0,140910.0,140920.0,10.0,0.7096476599368414,140920.0,0.0,0.0,-0.3548238299684207,-0.3548238299684207,100.0,-0.3548238299684207,0.3548238299684207,2113800.0,1725505092847432289,1725505090962788487,1725505090962788487,0.0,0.0,0.0,0.0,0.0,140915.0,140915.0,0.0,0.7096476599368414,0.0,0.0,2024-09-05,85603,cba
7904793995830639533,85603,20.0,26.0,0.7692307692307693,76.92307692307693,2.0,10.0,Partially Filled,140830.0,140845.0,140830.0,140860.0,30.0,2.1300010650005325,140830.0,0.0,0.0,-1.0650005325002663,-1.0650005325002663,100.0,-1.0650005325002663,-1.0650005325002663,2816600.0,1725505742674583529,1725505742674331019,1725505742674424119,0.0,0.0000931,0.0,0.0000931,0.0,140845.0,140845.0,0.0,2.1300010650005325,0.0,0.0,2024-09-05,85603,cba
7904793995830646004,85603,1.0,16.0,0.0625,6.25,1.0,1.0,Partially Filled,140830.0,140810.0,140800.0,140820.0,20.0,1.4203536680633477,140830.0,0.0,0.0,-1.4203536680633477,-0.35505059470974615,200.0,-1.4203536680633477,1.4203536680633477,140830.0,1725505262041475172,1725505233192919468,1725505233192919468,0.0,0.0,0.0,0.0,0.0,140825.0,140825.0,0.0,0.7101011894194923,0.0,0.0,2024-09-05,85603,cba
7904793995830657457,85603,11.0,27.0,0.4074074074074074,40.74074074074074,2.0,5.5,Partially Filled,140830.0,140800.0,140790.0,140810.0,20.0,1.4204545454545454,140830.0,0.0,0.0,-2.130681818181818,-0.4196098324897278,300.0,-2.130681818181818,2.130681818181818,1549130.0,1725505361000778834,1725505326382591057,1725505327270815732,0.0,0.888224675,0.0,0.888224675,0.0,140825.0,140820.0,-0.35505059470974615,1.0651769972093912,0.35507580778989883,0.0,2024-09-05,85603,cba
7904793995830683106,85603,10.0,25.0,0.4,40.0,1.0,10.0,Partially Filled,140820.0,140820.0,140810.0,140830.0,20.0,1.42025280499929,140820.0,0.0,0.0,-0.0,-0.35507580868515426,0.0,-0.0,0.0,1408200.0,1725505516350905376,1725505516349673272,1725505516349673272,0.0,0.0,0.0,0.0,0.0,140815.0,140815.0,0.0,0.7101516173703085,0.0,0.0,2024-09-05,85603,cba
7904793995830684040,85603,4.0,25.0,0.16,16.0,1.0,4.0,Partially Filled,140800.0,140800.0,140790.0,140810.0,20.0,1.4204545454545454,140800.0,0.0,0.0,-0.0,-0.35512624738094395,0.0,-0.0,0.0,563200.0,1725505518488875324,1725505518398739884,1725505518398739884,0.0,0.0,0.0,0.0,0.0,140795.0,140795.0,0.0,0.7102524947618879,0.0,0.0,2024-09-05,85603,cba
7904793995830684473,85603,1.0,25.0,0.04,4.0,1.0,1.0,Partially Filled,140980.0,140960.0,140940.0,140980.0,40.0,2.837684449489217,140980.0,0.0,0.0,-1.4188422247446084,-1.4188422247446084,100.0,-1.4188422247446084,1.4188422247446084,140980.0,1725505960609413491,1725505960609165657,1725505960609165657,0.0,0.0,0.0,0.0,0.0,140960.0,140960.0,0.0,2.837684449489217,0.0,0.0,2024-09-05,85603,cba
7904793995830707617,85603,425.0,596.0,0.7130872483221476,71.30872483221476,17.0,25.0,Partially Filled,140920.0,140890.0,140880.0,140900.0,20.0,1.419547164454539,140920.0,0.0,0.0,-2.1293207466818087,-0.35482382996842077,300.0,-2.1293207466818087,2.1293207466818087,59891000.0,1725505712259392633,1725505691293230844,1725505692305786609,0.0,1.012555765,0.0,0.0632847353125,0.0,140915.0,140915.0,0.0,0.7096476599368414,0.0,0.0,2024-09-05,85603,cba
7904793995830720716,85603,18.0,25.0,0.72,72.0,3.0,6.0,Partially Filled,140830.0,140810.0,140790.0,140830.0,40.0,2.8407073361266955,140830.0,0.0,0.0,-1.4203536680633477,-1.2625253868269692,100.0,-1.4203536680633477,1.4203536680633477,2534940.0,1725505746098733747,1725505744661552312,1725505746098610508,0.0,1.437058196,0.0,0.718529098,0.0,140820.0,140810.0,-0.710126402499645,2.3672224924175604,0.6696086875515642,0.0,2024-09-05,85603,cba
7904793995830721066,85603,9.0,25.0,0.36,36.0,1.0,9.0,Partially Filled,140820.0,140815.0,140800.0,140830.0,30.0,2.1304548521109257,140820.0,0.0,0.0,-0.35507580868515426,-0.7101768340316739,33.33333333333333,-0.35507580868515426,0.35507580868515426,1267380.0,1725505744846503716,1725505744793749154,1725505744793749154,0.0,0.0,0.0,0.0,0.0,140810.0,140810.0,0.0,1.4203536680633477,0.0,0.0,2024-09-05,85603,cba
7904793995830734811,85603,17.0,18.0,0.9444444444444444,94.44444444444444,1.0,17.0,Partially Filled,140870.0,140890.0,140880.0,140900.0,20.0,1.419547164454539,140870.0,0.0,0.0,-1.419547164454539,-1.0646981580721866,200.0,-1.419547164454539,-1.419547164454539,2394790.0,1725505948837104730,1725505935778168511,1725505935778168511,0.0,0.0,0.0,0.0,0.0,140885.0,140885.0,0.0,2.129396316144373,0.0,0.0,2024-09-05,85603,cba
7904793995830739914,85603,217.0,271.0,0.8007380073800738,80.07380073800738,8.0,27.125,Partially Filled,140920.0,140920.0,140910.0,140930.0,20.0,1.419244961680386,140920.0,0.0,0.0,-0.0,0.0,0.0,-0.0,0.0,30579640.0,1725505836294370758,1725505836291437662,1725505836291437662,0.0,0.0,0.0,0.0,0.0,140920.0,140920.0,0.0,0.0,0.0,0.0,2024-09-05,85603,cba
7904793995830742994,85603,8.0,25.0,0.32,32.0,1.0,8.0,Partially Filled,140920.0,140895.0,140880.0,140910.0,30.0,2.1292451825827743,140920.0,0.0,0.0,-1.7743709854856453,-1.064547035236507,166.66666666666669,-1.7743709854856453,1.7743709854856453,1127360.0,1725505868153847345,1725505857446502998,1725505857446502998,0.0,0.0,0.0,0.0,0.0,140905.0,140905.0,0.0,2.129094070473014,0.0,0.0,2024-09-05,85603,cba
7904793995830744017,85603,10.0,15.0,0.6666666666666666,66.66666666666666,2.0,5.0,Partially Filled,140900.0,140895.0,140890.0,140900.0,10.0,0.7097483941942582,140900.0,0.0,0.0,-0.3548741970971291,-0.3548741970971291,100.0,-0.3548741970971291,0.3548741970971291,1409000.0,1725505864360397660,1725505860674509726,1725505862467433080,0.0,1.792923354,0.0,1.792923354,0.0,140895.0,140895.0,0.0,0.7097483941942582,0.0,0.0,2024-09-05,85603,cba
7904793995830746094,85603,9.0,16.0,0.5625,56.25,1.0,9.0,Partially Filled,140940.0,140935.0,140920.0,140950.0,30.0,2.1286408628090965,140940.0,0.0,0.0,-0.35477347713484936,-0.7095721280068119,33.33333333333333,-0.35477347713484936,0.35477347713484936,1268460.0,1725505876546357037,1725505875316156186,1725505875316156186,0.0,0.0,0.0,0.0,0.0,140930.0,140930.0,0.0,1.4191442560136238,0.0,0.0,2024-09-05,85603,cba
7904793995830750499,85603,1.0,7.0,0.14285714285714285,14.285714285714285,1.0,1.0,Partially Filled,141020.0,141015.0,141000.0,141030.0,30.0,2.127433251781725,141020.0,0.0,0.0,-0.35457220863028754,-0.7091695624423799,33.33333333333333,-0.35457220863028754,0.35457220863028754,141020.0,1725505964316639518,1725505964316178726,1725505964316178726,0.0,0.0,0.0,0.0,0.0,141010.0,141010.0,0.0,1.4183391248847599,0.0,0.0,2024-09-05,85603,cba
7904793995830756833,85603,14.0,25.0,0.56,56.00000000000001,1.0,14.0,Partially Filled,140880.0,140910.0,140900.0,140920.0,20.0,1.4193456816407637,140880.0,0.0,0.0,-2.1290185224611453,-0.7097735822272695,300.0,-2.1290185224611453,-2.1290185224611453,1972320.0,1725507016646110913,1725505947771835892,1725505947771835892,0.0,0.0,0.0,0.0,0.0,140890.0,140890.0,0.0,1.419547164454539,0.0,0.0,2024-09-05,85603,cba
7904793995830758185,85603,16.0,17.0,0.9411764705882353,94.11764705882352,2.0,8.0,Partially Filled,140960.0,140955.0,140940.0,140970.0,30.0,2.1283388315419813,140960.0,0.0,0.0,-0.3547231385903302,-0.7094714437743881,33.33333333333333,-0.3547231385903302,0.3547231385903302,2255360.0,1725505958746317762,1725505953313643733,1725505953493463395,0.0,0.179819662,0.0,0.179819662,0.0,140950.0,140950.0,0.0,1.4189428875487762,0.0,0.0,2024-09-05,85603,cba
7904793995830768270,85603,2.0,21.0,0.09523809523809523,9.523809523809524,1.0,2.0,Partially Filled,140990.0,141010.0,140990.0,141030.0,40.0,2.8366782497695198,140990.0,0.0,0.0,-1.4183391248847599,-1.4183391248847599,100.0,-1.4183391248847599,-1.4183391248847599,281980.0,1725506013181386685,1725506011341687078,1725506011341687078,0.0,0.0,0.0,0.0,0.0,141010.0,141010.0,0.0,2.8366782497695198,0.0,0.0,2024-09-05,85603,cba
7904793995830775561,85603,1.0,25.0,0.04,4.0,1.0,1.0,Partially Filled,141010.0,141030.0,141010.0,141050.0,40.0,2.836275969651847,141010.0,0.0,0.0,-1.4181379848259235,-1.4181379848259235,100.0,-1.4181379848259235,-1.4181379848259235,141010.0,1725506068482381254,1725506068482258574,1725506068482258574,0.0,0.0,0.0,0.0,0.0,141030.0,141030.0,0.0,2.836275969651847,0.0,0.0,2024-09-05,85603,cba
7904793995830782176,85603,159.0,192.0,0.828125,82.8125,10.0,15.9,Partially Filled,141030.0,140995.0,140980.0,141010.0,30.0,2.127735026064754,141030.0,0.0,0.0,-2.48235753040888,-0.024528413379580543,233.33333333333334,-2.48235753040888,2.48235753040888,22423770.0,1725506128487020812,1725506107514214119,1725506108282538701,0.0,0.768324582,0.0,0.085369398,0.0,141030.0,141025.0,-0.35453449620648086,0.14181882644921112,0.28363765289842224,0.0,2024-09-05,85603,cba
7904793995830782384,85603,194.0,289.0,0.671280276816609,67.1280276816609,6.0,32.333333333333336,Partially Filled,141020.0,140995.0,140980.0,141010.0,30.0,2.127735026064754,141020.0,0.0,0.0,-1.7731125217206283,-0.35457220863028754,166.66666666666669,-1.7731125217206283,1.7731125217206283,27357880.0,1725506129260798449,1725506108285022814,1725506108408833328,0.0,0.123810514,0.0,0.024762102799999998,0.0,141015.0,141015.0,0.0,0.7091444172605751,0.0,0.0,2024-09-05,85603,cba
7904793995830788811,85603,9.0,15.0,0.6,60.0,1.0,9.0,Partially Filled,140970.0,140935.0,140930.0,140940.0,10.0,0.7095469542696987,140970.0,0.0,0.0,-2.4834143399439457,-1.0641694157709907,700.0,-2.4834143399439457,2.4834143399439457,1268730.0,1725506183000324634,1725506152026533863,1725506152026533863,0.0,0.0,0.0,0.0,0.0,140955.0,140955.0,0.0,2.1283388315419813,0.0,0.0,2024-09-05,85603,cba
7904793995830789392,85603,39.0,282.0,0.13829787234042554,13.829787234042554,4.0,9.75,Partially Filled,140950.5128205128,140935.0,140930.0,140940.0,10.0,0.7095469542696987,140950.0,0.5128205128130503,0.036383150962259685,-1.1007074546999007,-0.5002938173386307,310.256410256261,-1.1007074546999007,1.10070745470043,5497070.0,1725506213038677540,1725506153035399041,1725506175279880880,0.0,22.244481839,0.0,7.4148272796666665,0.0,140945.0,140940.0,-0.3547483060768385,1.0642700883955558,0.3547734762418787,0.3547344312515577,2024-09-05,85603,cba
7904793995830791790,85603,19.0,41.0,0.4634146341463415,46.34146341463415,1.0,19.0,Partially Filled,140930.0,140940.0,140930.0,140950.0,20.0,1.4190435646374344,140930.0,0.0,0.0,-0.7095217823187172,-0.7095217823187172,100.0,-0.7095217823187172,-0.7095217823187172,2677670.0,1725506174337647693,1725506174259363214,1725506174259363214,0.0,0.0,0.0,0.0,0.0,140940.0,140940.0,0.0,1.4190435646374344,0.0,0.0,2024-09-05,85603,cba
7904793995830792732,85603,1.0,14.0,0.07142857142857142,7.142857142857142,1.0,1.0,Partially Filled,140940.0,140925.0,140920.0,140930.0,10.0,0.7095973035302466,140940.0,0.0,0.0,-1.06439595529537,-0.35477347713484936,300.0,-1.06439595529537,1.06439595529537,140940.0,1725506228040521080,1725506181052661498,1725506181052661498,0.0,0.0,0.0,0.0,0.0,140935.0,140935.0,0.0,0.7095469542696987,0.0,0.0,2024-09-05,85603,cba
7904793995830795378,85603,39.0,42.0,0.9285714285714286,92.85714285714286,1.0,39.0,Partially Filled,140920.0,140965.0,140960.0,140970.0,10.0,0.7093959493491292,140940.0,20.0,1.4190435646374344,-3.1922817720710817,-0.3547986517651233,900.0,-3.1922817720710817,-3.1922817720710817,5495880.0,1725506592067363782,1725506234299095024,1725506234299095024,0.0,0.0,0.0,0.0,0.0,140925.0,140925.0,0.0,0.7095973035302466,0.0,0.0,2024-09-05,85603,cba
7904793995830801178,85603,22.0,25.0,0.88,88.0,1.0,22.0,Partially Filled,140940.0,140945.0,140940.0,140950.0,10.0,0.709496612153677,140940.0,0.0,0.0,-0.3547483060768385,-0.3547483060768385,100.0,-0.3547483060768385,-0.3547483060768385,3100680.0,1725506255291200730,1725506255276906905,1725506255276906905,0.0,0.0,0.0,0.0,0.0,140945.0,140945.0,0.0,0.709496612153677,0.0,0.0,2024-09-05,85603,cba
7904793995830803878,85603,15.0,25.0,0.6,60.0,1.0,15.0,Partially Filled,141000.0,141010.0,141000.0,141020.0,20.0,1.4183391248847599,141000.0,0.0,0.0,-0.7091695624423799,-0.7091695624423799,100.0,-0.7091695624423799,-0.7091695624423799,2115000.0,1725506273042732061,1725506273042458456,1725506273042458456,0.0,0.0,0.0,0.0,0.0,141010.0,141010.0,0.0,1.4183391248847599,0.0,0.0,2024-09-05,85603,cba
7904793995830807714,85603,1.0,17.0,0.058823529411764705,5.88235294117647,1.0,1.0,Partially Filled,140990.0,140965.0,140950.0,140980.0,30.0,2.1281878480473875,140990.0,0.0,0.0,-1.773489873372823,-1.064018442986345,166.66666666666669,-1.773489873372823,1.773489873372823,140990.0,1725506317041523016,1725506301337455681,1725506301337455681,0.0,0.0,0.0,0.0,0.0,140975.0,140975.0,0.0,2.12803688597269,0.0,0.0,2024-09-05,85603,cba
7904793995830829332,85603,12.0,17.0,0.7058823529411765,70.58823529411765,2.0,6.0,Partially Filled,141000.0,140965.0,140960.0,140970.0,10.0,0.7093959493491292,141000.0,0.0,0.0,-2.4828858227219524,-0.7092701610043265,700.0,-2.4828858227219524,2.4828858227219524,1692000.0,1725506503000746599,1725506475378717014,1725506487190982621,0.0,11.812265607,0.0,11.812265607,0.0,140990.0,140990.0,0.0,1.418540322008653,0.0,0.0,2024-09-05,85603,cba
7904793995830830895,85603,283.0,350.0,0.8085714285714286,80.85714285714286,13.0,21.76923076923077,Partially Filled,140980.0,140970.0,140960.0,140980.0,20.0,1.4187415762218911,140980.0,0.0,0.0,-0.7093707881109456,-0.35968621325149785,100.0,-0.7093707881109456,0.7093707881109456,39897340.0,1725506510259521558,1725506489283154383,1725506490031541430,0.0,0.748387047,0.0,0.06236558725,0.0,140975.0,140970.0,-0.3546728143287817,0.818483466744383,0.25595091787773827,0.0,2024-09-05,85603,cba
7904793995830841337,85603,153.0,218.0,0.7018348623853211,70.18348623853211,7.0,21.857142857142858,Partially Filled,140970.0,140965.0,140960.0,140970.0,10.0,0.7093959493491292,140970.0,0.0,0.0,-0.3546979746745646,-0.3546979746745646,100.0,-0.3546979746745646,0.3546979746745646,21568410.0,1725506590260323925,1725506569279363111,1725506569403015735,0.0,0.123652624,0.0,0.020608770666666668,0.0,140965.0,140965.0,0.0,0.7093959493491291,1.1102230246251565e-16,0.0,2024-09-05,85603,cba
7904793995830845368,85603,10.0,14.0,0.7142857142857143,71.42857142857143,1.0,10.0,Partially Filled,140970.0,140965.0,140960.0,140970.0,10.0,0.7093959493491292,140970.0,0.0,0.0,-0.3546979746745646,-0.3546979746745646,100.0,-0.3546979746745646,0.3546979746745646,1409700.0,1725506604558437331,1725506601869594997,1725506601869594997,0.0,0.0,0.0,0.0,0.0,140965.0,140965.0,0.0,0.7093959493491292,0.0,0.0,2024-09-05,85603,cba
7904793995830848194,85603,16.0,26.0,0.6153846153846154,61.53846153846154,2.0,8.0,Partially Filled,140970.0,140935.0,140930.0,140940.0,10.0,0.7095469542696987,140970.0,0.0,0.0,-2.4834143399439457,-1.0641694157709907,700.0,-2.4834143399439457,2.4834143399439457,2255520.0,1725506677040463100,1725506636480253546,1725506637050284394,0.0,0.570030848,0.0,0.570030848,0.0,140955.0,140955.0,0.0,2.1283388315419813,0.0,0.0,2024-09-05,85603,cba
7904793995830851517,85603,10.0,14.0,0.7142857142857143,71.42857142857143,3.0,3.3333333333333335,Partially Filled,140960.0,140945.0,140940.0,140950.0,10.0,0.709496612153677,140960.0,0.0,0.0,-1.0642449182305154,-0.709471443774388,300.0,-1.0642449182305154,1.0642449182305154,1409600.0,1725506689001240897,1725506666040467258,1725506686985367252,0.0,20.944899994,0.0,10.472449997,0.0,140950.0,140950.0,0.0,1.4189428875487762,0.0,0.0,2024-09-05,85603,cba
7904793995830851807,85603,237.0,0.0,0.0,0.0,12.0,19.75,Fully Filled,140940.0,140940.0,140930.0,140950.0,20.0,1.4190435646374344,140940.0,0.0,0.0,-0.0,0.0,0.0,-0.0,0.0,33402780.0,1725506667556777605,1725506667553934447,1725506667553934447,0.0,0.0,0.0,0.0,0.0,140940.0,140940.0,0.0,0.0,0.0,0.0,2024-09-05,85603,cba
7904793995830854421,85603,20.0,25.0,0.8,80.0,1.0,20.0,Partially Filled,140950.0,140955.0,140950.0,140960.0,10.0,0.7094462771806604,140950.0,0.0,0.0,-0.3547231385903302,-0.3547231385903302,100.0,-0.3547231385903302,-0.3547231385903302,2819000.0,1725506693279799117,1725506692009069975,1725506692009069975,0.0,0.0,0.0,0.0,0.0,140955.0,140955.0,0.0,0.7094462771806604,0.0,0.0,2024-09-05,85603,cba
7904793995830858048,85603,317.0,500.0,0.634,63.4,12.0,26.416666666666668,Partially Filled,140960.0,140955.0,140950.0,140960.0,10.0,0.7094462771806604,140960.0,0.0,0.0,-0.3547231385903302,-0.3547231385903302,100.0,-0.3547231385903302,0.3547231385903302,44684320.0,1725506742259778237,1725506721279583559,1725506733273221514,0.0,11.993637955,0.0,1.0903307231818182,0.0,140955.0,140955.0,0.0,0.7094462771806604,0.0,0.0,2024-09-05,85603,cba
7904793995830865985,85603,170.0,321.0,0.5295950155763239,52.95950155763239,9.0,18.88888888888889,Partially Filled,140960.0,140950.0,140940.0,140960.0,20.0,1.4189428875487762,140960.0,0.0,0.0,-0.7094714437743881,-0.4507138564636635,100.0,-0.7094714437743881,0.7094714437743881,23963200.0,1725506813074675772,1725506791865185939,1725506797492095253,0.0,5.626909314,0.0,0.70336366425,0.0,140955.0,140950.0,-0.3547231385903302,0.8671121905957972,0.2949659147861037,0.0,2024-09-05,85603,cba
7904793995830876922,85603,2.0,15.0,0.13333333333333333,13.333333333333334,1.0,2.0,Partially Filled,140940.0,140930.0,140920.0,140940.0,20.0,1.4191442560136238,140940.0,0.0,0.0,-0.7095721280068119,-0.7095721280068119,100.0,-0.7095721280068119,0.7095721280068119,281880.0,1725506896040466260,1725506874661577034,1725506874661577034,0.0,0.0,0.0,0.0,0.0,140930.0,140930.0,0.0,1.4191442560136238,0.0,0.0,2024-09-05,85603,cba
7904793995830886161,85603,1.0,25.0,0.04,4.0,1.0,1.0,Partially Filled,140970.0,140960.0,140950.0,140970.0,20.0,1.4188422247446084,140970.0,0.0,0.0,-0.7094211123723042,-0.7094211123723042,100.0,-0.7094211123723042,0.7094211123723042,140970.0,1725506969323883186,1725506969320682572,1725506969320682572,0.0,0.0,0.0,0.0,0.0,140960.0,140960.0,0.0,1.4188422247446084,0.0,0.0,2024-09-05,85603,cba
7904793995830886556,85603,10.0,25.0,0.4,40.0,2.0,5.0,Partially Filled,140970.0,140960.0,140950.0,140970.0,20.0,1.4188422247446084,140970.0,0.0,0.0,-0.7094211123723042,-0.7094211123723042,100.0,-0.7094211123723042,0.7094211123723042,1409700.0,1725506974258274494,1725506974258020704,1725506974258122595,0.0,0.000101891,0.0,0.000101891,0.0,140960.0,140960.0,0.0,1.4188422247446084,0.0,0.0,2024-09-05,85603,cba
7904793995830889973,85603,4.0,7.0,0.5714285714285714,57.14285714285714,1.0,4.0,Partially Filled,140940.0,140925.0,140920.0,140930.0,10.0,0.7095973035302466,140940.0,0.0,0.0,-1.06439595529537,-1.06439595529537,300.0,-1.06439595529537,1.06439595529537,563760.0,1725507007564498386,1725507002338752279,1725507002338752279,0.0,0.0,0.0,0.0,0.0,140925.0,140925.0,0.0,0.7095973035302466,0.0,0.0,2024-09-05,85603,cba
7904793995830892937,85603,3.0,25.0,0.12,12.0,1.0,3.0,Partially Filled,140900.0,140880.0,140870.0,140890.0,20.0,1.4196479273140261,140900.0,0.0,0.0,-1.4196479273140261,-0.7097735822272696,200.0,-1.4196479273140261,1.4196479273140261,422700.0,1725507035859273186,1725507016776924071,1725507016776924071,0.0,0.0,0.0,0.0,0.0,140890.0,140890.0,0.0,1.419547164454539,0.0,0.0,2024-09-05,85603,cba
7904793995830893230,85603,8.0,25.0,0.32,32.0,2.0,4.0,Partially Filled,140890.0,140885.0,140880.0,140890.0,10.0,0.7097987720481244,140890.0,0.0,0.0,-0.3548993860240622,-0.3548993860240622,100.0,-0.3548993860240622,0.3548993860240622,1127120.0,1725507017359019573,1725507017347849548,1725507017351246266,0.0,0.003396718,0.0,0.003396718,0.0,140885.0,140885.0,0.0,0.7097987720481244,0.0,0.0,2024-09-05,85603,cba
7904793995830895125,85603,21.0,25.0,0.84,84.0,1.0,21.0,Partially Filled,140890.0,140880.0,140870.0,140890.0,20.0,1.4196479273140261,140890.0,0.0,0.0,-0.7098239636570131,-0.7098239636570131,100.0,-0.7098239636570131,0.7098239636570131,2958690.0,1725507022132615348,1725507022132446640,1725507022132446640,0.0,0.0,0.0,0.0,0.0,140880.0,140880.0,0.0,1.4196479273140261,0.0,0.0,2024-09-05,85603,cba
7904793995830897148,85603,6.0,14.0,0.42857142857142855,42.857142857142854,1.0,6.0,Partially Filled,140890.0,140850.0,140840.0,140860.0,20.0,1.4199503017394393,140890.0,0.0,0.0,-2.8399006034788785,-0.7098239636570131,400.0,-2.8399006034788785,2.8399006034788785,845340.0,1725507067040478536,1725507033167418029,1725507033167418029,0.0,0.0,0.0,0.0,0.0,140880.0,140880.0,0.0,1.4196479273140261,0.0,0.0,2024-09-05,85603,cba
7904793995830901069,85603,36.0,47.0,0.7659574468085106,76.59574468085107,1.0,36.0,Partially Filled,140940.0,140945.0,140930.0,140960.0,30.0,2.1284898364610307,140940.0,0.0,0.0,-0.3547483060768385,-0.7094714437743881,33.33333333333333,-0.3547483060768385,-0.3547483060768385,5073840.0,1725507197535748191,1725507197535559455,1725507197535559455,0.0,0.0,0.0,0.0,0.0,140950.0,140950.0,0.0,1.4189428875487762,0.0,0.0,2024-09-05,85603,cba
7904793995830903771,85603,16.0,25.0,0.64,64.0,2.0,8.0,Partially Filled,140850.0,140855.0,140850.0,140860.0,10.0,0.7099499485286287,140850.0,0.0,0.0,-0.35497497426431435,-0.35497497426431435,100.0,-0.35497497426431435,-0.35497497426431435,2253600.0,1725507084600211123,1725507081471203847,1725507084596367724,0.0,3.125163877,0.0,3.125163877,0.0,140855.0,140855.0,0.0,0.7099499485286287,0.0,0.0,2024-09-05,85603,cba
7904793995830903889,85603,8.0,25.0,0.32,32.0,2.0,4.0,Partially Filled,140850.0,140895.0,140890.0,140900.0,10.0,0.7097483941942582,140850.0,0.0,0.0,-3.1938677738741617,-0.35497497426431435,900.0,-3.1938677738741617,-3.1938677738741617,1126800.0,1725507140815581998,1725507087305751685,1725507089708359837,0.0,2.402608152,0.0,2.402608152,0.0,140855.0,140855.0,0.0,0.7099499485286287,0.0,0.0,2024-09-05,85603,cba
7904793995830908525,85603,17.0,24.0,0.7083333333333334,70.83333333333334,2.0,8.5,Partially Filled,140880.0,140925.0,140920.0,140930.0,10.0,0.7095973035302466,140880.0,0.0,0.0,-3.1931878658861095,-0.3548993860240622,900.0,-3.1931878658861095,-3.1931878658861095,2394960.0,1725507161050716002,1725507128216662514,1725507130807247353,0.0,2.590584839,0.0,2.590584839,0.0,140885.0,140885.0,0.0,0.7097987720481244,0.0,0.0,2024-09-05,85603,cba
7904793995830911265,85603,13.0,25.0,0.52,52.0,1.0,13.0,Partially Filled,140910.0,140925.0,140920.0,140930.0,10.0,0.7095973035302466,140910.0,0.0,0.0,-1.06439595529537,-0.3548238299684207,300.0,-1.06439595529537,-1.06439595529537,1831830.0,1725507160528778748,1725507142090300527,1725507142090300527,0.0,0.0,0.0,0.0,0.0,140915.0,140915.0,0.0,0.7096476599368414,0.0,0.0,2024-09-05,85603,cba
7904793995830918967,85603,2.0,25.0,0.08,8.0,1.0,2.0,Partially Filled,140950.0,140940.0,140930.0,140950.0,20.0,1.4190435646374344,140950.0,0.0,0.0,-0.7095217823187172,-0.7095217823187172,100.0,-0.7095217823187172,0.7095217823187172,281900.0,1725507204674312930,1725507203980403509,1725507203980403509,0.0,0.0,0.0,0.0,0.0,140940.0,140940.0,0.0,1.4190435646374344,0.0,0.0,2024-09-05,85603,cba
7904793995830919757,85603,12.0,25.0,0.48,48.0,1.0,12.0,Partially Filled,140900.0,140890.0,140880.0,140900.0,20.0,1.419547164454539,140900.0,0.0,0.0,-0.7097735822272695,-0.7097735822272696,100.0,-0.7097735822272695,0.7097735822272695,1690800.0,1725507210274477971,1725507210272500368,1725507210272500368,0.0,0.0,0.0,0.0,0.0,140890.0,140890.0,0.0,1.419547164454539,0.0,0.0,2024-09-05,85603,cba
7904793995830919883,85603,2.0,25.0,0.08,8.0,1.0,2.0,Partially Filled,140890.0,140890.0,140880.0,140900.0,20.0,1.419547164454539,140890.0,0.0,0.0,-0.0,-0.3548993860240622,0.0,-0.0,0.0,281780.0,1725507210231348405,1725507210231081443,1725507210231081443,0.0,0.0,0.0,0.0,0.0,140885.0,140885.0,0.0,0.7097987720481244,0.0,0.0,2024-09-05,85603,cba
7904793995830924930,85603,1.0,25.0,0.04,4.0,1.0,1.0,Partially Filled,140840.0,140820.0,140800.0,140840.0,40.0,2.84050560999858,140840.0,0.0,0.0,-1.42025280499929,-1.42025280499929,100.0,-1.42025280499929,1.42025280499929,140840.0,1725507241339827367,1725507241279782599,1725507241279782599,0.0,0.0,0.0,0.0,0.0,140820.0,140820.0,0.0,2.84050560999858,0.0,0.0,2024-09-05,85603,cba
7904793995830932432,85603,25.0,282.0,0.08865248226950355,8.865248226950355,5.0,5.0,Partially Filled,140821.4,140805.0,140790.0,140820.0,30.0,2.130606157451795,140820.0,1.3999999999941792,0.09941769634953694,-1.1647313660732346,-0.809601590796108,109.33333333329453,-1.1647313660732346,1.164731366073648,3520535.0,1725507313649439910,1725507293104328851,1725507304750621945,0.0,11.646293094,0.0,2.9115732735,0.0,140810.0,140810.0,0.0,1.4203536680633477,0.0,0.15878751223179077,2024-09-05,85603,cba
7904793995830941195,85603,10.0,11.0,0.9090909090909091,90.9090909090909,1.0,10.0,Partially Filled,140780.0,140790.0,140780.0,140800.0,20.0,1.420555437175936,140780.0,0.0,0.0,-0.710277718587968,-0.710277718587968,100.0,-0.710277718587968,-0.710277718587968,1407800.0,1725507341905805488,1725507341901280051,1725507341901280051,0.0,0.0,0.0,0.0,0.0,140790.0,140790.0,0.0,1.420555437175936,0.0,0.0,2024-09-05,85603,cba
7904793995830944026,85603,10.0,11.0,0.9090909090909091,90.9090909090909,1.0,10.0,Partially Filled,140810.0,140830.0,140810.0,140850.0,40.0,2.84030391251864,140810.0,0.0,0.0,-1.42015195625932,-1.42015195625932,100.0,-1.42015195625932,-1.42015195625932,1408100.0,1725507364828645160,1725507364828227128,1725507364828227128,0.0,0.0,0.0,0.0,0.0,140830.0,140830.0,0.0,2.84030391251864,0.0,0.0,2024-09-05,85603,cba
7904793995830945625,85603,5.0,25.0,0.2,20.0,1.0,5.0,Partially Filled,140820.0,140810.0,140800.0,140820.0,20.0,1.4203536680633477,140820.0,0.0,0.0,-0.7101768340316739,-0.7101768340316739,100.0,-0.7101768340316739,0.7101768340316739,704100.0,1725507372806260303,1725507372648364227,1725507372648364227,0.0,0.0,0.0,0.0,0.0,140810.0,140810.0,0.0,1.4203536680633477,0.0,0.0,2024-09-05,85603,cba
7904793995830947384,85603,7.0,26.0,0.2692307692307692,26.923076923076923,1.0,7.0,Partially Filled,140850.0,140830.0,140820.0,140840.0,20.0,1.42015195625932,140850.0,0.0,0.0,-1.42015195625932,-0.7100255609201931,200.0,-1.42015195625932,1.42015195625932,985950.0,1725507453027898036,1725507418604821976,1725507418604821976,0.0,0.0,0.0,0.0,0.0,140840.0,140840.0,0.0,1.4200511218403862,0.0,0.0,2024-09-05,85603,cba
7904793995830957001,85603,1.0,25.0,0.04,4.0,1.0,1.0,Partially Filled,140830.0,140825.0,140820.0,140830.0,10.0,0.7101011894194923,140830.0,0.0,0.0,-0.35505059470974615,-0.710126402499645,100.0,-0.35505059470974615,0.35505059470974615,140830.0,1725507455000802010,1725507454887158508,1725507454887158508,0.0,0.0,0.0,0.0,0.0,140820.0,140820.0,0.0,1.42025280499929,0.0,0.0,2024-09-05,85603,cba
7904793995830965187,85603,3.0,25.0,0.12,12.0,1.0,3.0,Partially Filled,140710.0,140730.0,140710.0,140750.0,40.0,2.8423221772187874,140710.0,0.0,0.0,-1.4211610886093937,-1.421161088609394,100.0,-1.4211610886093937,-1.4211610886093937,422130.0,1725507517221429743,1725507517221248831,1725507517221248831,0.0,0.0,0.0,0.0,0.0,140730.0,140730.0,0.0,2.8423221772187874,0.0,0.0,2024-09-05,85603,cba
7904793995830967090,85603,18.0,25.0,0.72,72.0,1.0,18.0,Partially Filled,140680.0,140660.0,140640.0,140680.0,40.0,2.8437366699843594,140680.0,0.0,0.0,-1.4218683349921797,-1.4218683349921797,100.0,-1.4218683349921797,1.4218683349921797,2532240.0,1725507538367240554,1725507538367033241,1725507538367033241,0.0,0.0,0.0,0.0,0.0,140660.0,140660.0,0.0,2.8437366699843594,0.0,0.0,2024-09-05,85603,cba
7904793995830967638,85603,10.0,25.0,0.4,40.0,1.0,10.0,Partially Filled,140670.0,140660.0,140640.0,140680.0,40.0,2.8437366699843594,140670.0,0.0,0.0,-0.7109341674960898,-1.0664391596459422,50.0,-0.7109341674960898,0.7109341674960898,1406700.0,1725507536036408952,1725507536033606446,1725507536033606446,0.0,0.0,0.0,0.0,0.0,140655.0,140655.0,0.0,2.1328783192918843,0.0,0.0,2024-09-05,85603,cba
7904793995830969209,85603,23.0,27.0,0.8518518518518519,85.18518518518519,1.0,23.0,Partially Filled,140600.0,140620.0,140600.0,140640.0,40.0,2.844545583842981,140600.0,0.0,0.0,-1.4222727919214906,-1.4222727919214904,100.0,-1.4222727919214906,-1.4222727919214906,3233800.0,1725507555782060592,1725507555781874418,1725507555781874418,0.0,0.0,0.0,0.0,0.0,140620.0,140620.0,0.0,2.844545583842981,0.0,0.0,2024-09-05,85603,cba
7904793995830969749,85603,6.0,25.0,0.24,24.0,1.0,6.0,Partially Filled,140670.0,140660.0,140650.0,140670.0,20.0,1.4218683349921797,140670.0,0.0,0.0,-0.7109341674960898,-0.7109341674960898,100.0,-0.7109341674960898,0.7109341674960898,844020.0,1725507552487403409,1725507552487203079,1725507552487203079,0.0,0.0,0.0,0.0,0.0,140660.0,140660.0,0.0,1.4218683349921797,0.0,0.0,2024-09-05,85603,cba
7904793995830971453,85603,1.0,25.0,0.04,4.0,1.0,1.0,Partially Filled,140560.0,140580.0,140560.0,140600.0,40.0,2.845354958031014,140560.0,0.0,0.0,-1.422677479015507,-1.422677479015507,100.0,-1.422677479015507,-1.422677479015507,140560.0,1725507582796021040,1725507578136430606,1725507578136430606,0.0,0.0,0.0,0.0,0.0,140580.0,140580.0,0.0,2.845354958031014,0.0,0.0,2024-09-05,85603,cba
7904793995830971729,85603,5.0,25.0,0.2,20.0,1.0,5.0,Partially Filled,140580.0,140600.0,140580.0,140620.0,40.0,2.8449502133712663,140580.0,0.0,0.0,-1.4224751066856332,-1.4224751066856332,100.0,-1.4224751066856332,-1.4224751066856332,702900.0,1725507564798144750,1725507564797966985,1725507564797966985,0.0,0.0,0.0,0.0,0.0,140600.0,140600.0,0.0,2.8449502133712663,0.0,0.0,2024-09-05,85603,cba
7904793995830976701,85603,5.0,96.0,0.052083333333333336,5.208333333333334,1.0,5.0,Partially Filled,140570.0,140555.0,140540.0,140570.0,30.0,2.134395788125645,140570.0,0.0,0.0,-1.0671978940628224,-1.0671978940628224,100.0,-1.0671978940628224,1.0671978940628224,702850.0,1725507603500419236,1725507602909122910,1725507602909122910,0.0,0.0,0.0,0.0,0.0,140555.0,140555.0,0.0,2.134395788125645,0.0,0.0,2024-09-05,85603,cba
7904793995830977783,85603,4.0,25.0,0.16,16.0,1.0,4.0,Partially Filled,140560.0,140540.0,140520.0,140560.0,40.0,2.8461647929415115,140560.0,0.0,0.0,-1.4230823964707557,-1.4230823964707557,100.0,-1.4230823964707557,1.4230823964707557,562240.0,1725507605410109777,1725507605409844985,1725507605409844985,0.0,0.0,0.0,0.0,0.0,140540.0,140540.0,0.0,2.8461647929415115,0.0,0.0,2024-09-05,85603,cba
7904793995830979424,85603,6.0,25.0,0.24,24.0,1.0,6.0,Partially Filled,140530.0,140525.0,140510.0,140540.0,30.0,2.1348514499199434,140530.0,0.0,0.0,-0.3558085749866572,-0.7116424708226589,33.33333333333333,-0.3558085749866572,0.3558085749866572,843180.0,1725507614087168856,1725507613991449866,1725507613991449866,0.0,0.0,0.0,0.0,0.0,140520.0,140520.0,0.0,1.4232849416453175,0.0,0.0,2024-09-05,85603,cba
7904793995830979485,85603,10.0,14.0,0.7142857142857143,71.42857142857143,2.0,5.0,Partially Filled,140530.0,140510.0,140500.0,140520.0,20.0,1.4233862358550993,140530.0,0.0,0.0,-1.4233862358550993,-0.5693089124882581,200.0,-1.4233862358550993,1.4233862358550993,1405300.0,1725507656040510334,1725507624026945424,1725507640796950960,0.0,16.770005536,0.0,16.770005536,0.0,140520.0,140525.0,0.3558212354113294,1.067451045809316,0.35583389583600156,0.0,2024-09-05,85603,cba
7904793995830987667,85603,6.0,25.0,0.24,24.0,1.0,6.0,Partially Filled,140540.0,140550.0,140540.0,140560.0,20.0,1.4229811454998222,140540.0,0.0,0.0,-0.7114905727499111,-0.7114905727499111,100.0,-0.7114905727499111,-0.7114905727499111,843240.0,1725507664650987816,1725507664650849668,1725507664650849668,0.0,0.0,0.0,0.0,0.0,140550.0,140550.0,0.0,1.4229811454998222,0.0,0.0,2024-09-05,85603,cba
7904793995830989305,85603,18.0,25.0,0.72,72.0,1.0,18.0,Partially Filled,140550.0,140580.0,140570.0,140590.0,20.0,1.422677479015507,140550.0,0.0,0.0,-2.1340162185232607,-1.0671219720414042,300.0,-2.1340162185232607,-2.1340162185232607,2529900.0,1725507702168451570,1725507675188319808,1725507675188319808,0.0,0.0,0.0,0.0,0.0,140565.0,140565.0,0.0,2.1342439440828085,0.0,0.0,2024-09-05,85603,cba
7904793995830989310,85603,2.0,25.0,0.08,8.0,1.0,2.0,Partially Filled,140560.0,140565.0,140550.0,140580.0,30.0,2.1342439440828085,140560.0,0.0,0.0,-0.35570732401380145,-0.711389343387636,33.33333333333333,-0.35570732401380145,-0.35570732401380145,281120.0,1725507675015672815,1725507673340477705,1725507673340477705,0.0,0.0,0.0,0.0,0.0,140570.0,140570.0,0.0,1.422778686775272,0.0,0.0,2024-09-05,85603,cba
7904793995830990888,85603,6.0,25.0,0.24,24.0,1.0,6.0,Partially Filled,140560.0,140565.0,140550.0,140580.0,30.0,2.1342439440828085,140560.0,0.0,0.0,-0.35570732401380145,-0.711389343387636,33.33333333333333,-0.35570732401380145,-0.35570732401380145,843360.0,1725507679996589889,1725507679806617202,1725507679806617202,0.0,0.0,0.0,0.0,0.0,140570.0,140570.0,0.0,1.422778686775272,0.0,0.0,2024-09-05,85603,cba
7904793995830993117,85603,1.0,25.0,0.04,4.0,1.0,1.0,Partially Filled,140620.0,140600.0,140580.0,140620.0,40.0,2.8449502133712663,140620.0,0.0,0.0,-1.4224751066856332,-1.7781571179629432,100.0,-1.4224751066856332,1.4224751066856332,140620.0,1725507814603521431,1725507804729071152,1725507804729071152,0.0,0.0,0.0,0.0,0.0,140595.0,140595.0,0.0,3.5563142359258864,0.0,0.0,2024-09-05,85603,cba
7904793995831003148,85603,7.0,11.0,0.6363636363636364,63.63636363636363,1.0,7.0,Partially Filled,140580.0,140590.0,140580.0,140600.0,20.0,1.4225762856533182,140580.0,0.0,0.0,-0.7112881428266591,-0.3556567201337269,100.0,-0.7112881428266591,-0.7112881428266591,984060.0,1725507765517349563,1725507765488184820,1725507765488184820,0.0,0.0,0.0,0.0,0.0,140585.0,140585.0,0.0,0.7113134402674538,0.0,0.0,2024-09-05,85603,cba
7904793995831003171,85603,13.0,25.0,0.52,52.0,1.0,13.0,Partially Filled,140580.0,140590.0,140580.0,140600.0,20.0,1.4225762856533182,140580.0,0.0,0.0,-0.7112881428266591,-0.7112881428266591,100.0,-0.7112881428266591,-0.7112881428266591,1827540.0,1725507766553996354,1725507766553766121,1725507766553766121,0.0,0.0,0.0,0.0,0.0,140590.0,140590.0,0.0,1.4225762856533182,0.0,0.0,2024-09-05,85603,cba
7904793995831011642,85603,1.0,25.0,0.04,4.0,1.0,1.0,Partially Filled,140700.0,140690.0,140670.0,140710.0,40.0,2.8431302864453767,140700.0,0.0,0.0,-0.7107825716113442,-1.066211749653481,50.0,-0.7107825716113442,0.7107825716113442,140700.0,1725507852028563450,1725507852028398227,1725507852028398227,0.0,0.0,0.0,0.0,0.0,140685.0,140685.0,0.0,2.132423499306962,0.0,0.0,2024-09-05,85603,cba
7904793995831019021,85603,21.0,25.0,0.84,84.0,1.0,21.0,Partially Filled,140730.0,140695.0,140690.0,140700.0,10.0,0.7107573119158463,140730.0,0.0,0.0,-2.487650591705462,-2.8431302864453767,700.0,-2.487650591705462,2.487650591705462,2955330.0,1725509479061340434,1725507971031755239,1725507971031755239,0.0,0.0,0.0,0.0,0.0,140690.0,140690.0,0.0,2.8431302864453767,0.0,0.0,2024-09-05,85603,cba
7904793995831019456,85603,12.0,25.0,0.48,48.0,1.0,12.0,Partially Filled,140720.0,140720.0,140710.0,140730.0,20.0,1.4212620807276861,140720.0,0.0,0.0,-0.0,-0.7106815436003128,0.0,-0.0,0.0,1688640.0,1725507879760183292,1725507879511590557,1725507879511590557,0.0,0.0,0.0,0.0,0.0,140710.0,140710.0,0.0,1.4213630872006255,0.0,0.0,2024-09-05,85603,cba
7904793995831023473,85603,12.0,25.0,0.48,48.0,1.0,12.0,Partially Filled,140680.0,140660.0,140650.0,140670.0,20.0,1.4218683349921797,140680.0,0.0,0.0,-1.4218683349921797,-1.4218683349921797,200.0,-1.4218683349921797,1.4218683349921797,1688160.0,1725507904702245686,1725507904702055005,1725507904702055005,0.0,0.0,0.0,0.0,0.0,140660.0,140660.0,0.0,1.4218683349921797,0.0,0.0,2024-09-05,85603,cba
7904793995831031707,85603,12.0,25.0,0.48,48.0,1.0,12.0,Partially Filled,140680.0,140700.0,140680.0,140720.0,40.0,2.8429282160625444,140680.0,0.0,0.0,-1.4214641080312722,-1.4214641080312722,100.0,-1.4214641080312722,-1.4214641080312722,1688160.0,1725507971382854983,1725507971382253055,1725507971382253055,0.0,0.0,0.0,0.0,0.0,140700.0,140700.0,0.0,2.8429282160625444,0.0,0.0,2024-09-05,85603,cba
7904793995831033545,85603,9.0,17.0,0.5294117647058824,52.94117647058824,1.0,9.0,Partially Filled,140680.0,140680.0,140670.0,140690.0,20.0,1.4216661927779357,140680.0,0.0,0.0,-0.0,-0.3554291807357384,0.0,-0.0,0.0,1266120.0,1725507987944444850,1725507984261740929,1725507984261740929,0.0,0.0,0.0,0.0,0.0,140675.0,140675.0,0.0,0.7108583614714769,0.0,0.0,2024-09-05,85603,cba
7904793995831035059,85603,25.0,282.0,0.08865248226950355,8.865248226950355,1.0,25.0,Partially Filled,140660.0,140625.0,140610.0,140640.0,30.0,2.1333333333333333,140660.0,0.0,0.0,-2.488888888888889,-1.0665149845355328,233.33333333333334,-2.488888888888889,2.488888888888889,3516500.0,1725508010912669786,1725507994896868184,1725507994896868184,0.0,0.0,0.0,0.0,0.0,140645.0,140645.0,0.0,0.7110099896903551,0.0,0.0,2024-09-05,85603,cba
7904793995831036778,85603,13.0,25.0,0.52,52.0,1.0,13.0,Partially Filled,140650.0,140630.0,140620.0,140640.0,20.0,1.4221716561188937,140650.0,0.0,0.0,-1.4221716561188937,-1.7777777777777781,200.0,-1.4221716561188937,1.4221716561188937,1828450.0,1725508161269433412,1725508006010409570,1725508006010409570,0.0,0.0,0.0,0.0,0.0,140625.0,140625.0,0.0,2.1333333333333333,0.0,0.0,2024-09-05,85603,cba
7904793995831038376,85603,432.0,680.0,0.6352941176470588,63.52941176470588,7.0,61.714285714285715,Partially Filled,140610.0,140600.0,140590.0,140610.0,20.0,1.4224751066856332,140610.0,0.0,0.0,-0.7112375533428166,-0.6774866094039441,100.0,-0.7112375533428166,0.7112375533428166,60743520.0,1725508013150471537,1725508010967363445,1725508011610911730,0.0,0.643548285,0.0,0.10725804750000001,0.0,140610.0,140600.0,-0.7111869710546903,0.7112339401937549,0.6584780226573093,0.0,2024-09-05,85603,cba
7904793995831040513,85603,3.0,14.0,0.21428571428571427,21.428571428571427,2.0,1.5,Partially Filled,140600.0,140570.0,140560.0,140580.0,20.0,1.422778686775272,140600.0,0.0,0.0,-2.134168030162908,-0.35563142359258865,300.0,-2.134168030162908,2.134168030162908,421800.0,1725508050000875409,1725508023456874404,1725508028927998697,0.0,5.471124293,0.0,5.471124293,0.0,140595.0,140595.0,0.0,0.7112628471851773,0.0,0.0,2024-09-05,85603,cba
7904793995831041306,85603,161.0,530.0,0.30377358490566037,30.377358490566035,11.0,14.636363636363637,Partially Filled,140590.0,140575.0,140560.0,140590.0,30.0,2.134092121643251,140590.0,0.0,0.0,-1.0670460608216255,-0.20545607382279746,100.0,-1.0670460608216255,1.0670460608216255,22634990.0,1725508031157711502,1725508029041446430,1725508030116445919,0.0,1.074999489,0.0,0.1074999489,0.0,140590.0,140575.0,-1.0669322142399886,0.582025124084523,0.9504430476580971,0.0,2024-09-05,85603,cba
7904793995831042152,85603,1.0,25.0,0.04,4.0,1.0,1.0,Partially Filled,140550.0,140570.0,140550.0,140590.0,40.0,2.845557373550544,140550.0,0.0,0.0,-1.422778686775272,-1.422778686775272,100.0,-1.422778686775272,-1.422778686775272,140550.0,1725508034581357812,1725508032357122204,1725508032357122204,0.0,0.0,0.0,0.0,0.0,140570.0,140570.0,0.0,2.845557373550544,0.0,0.0,2024-09-05,85603,cba
7904793995831044254,85603,13.0,25.0,0.52,52.0,1.0,13.0,Partially Filled,140560.0,140575.0,140560.0,140590.0,30.0,2.134092121643251,140560.0,0.0,0.0,-1.0670460608216255,-1.0670460608216255,100.0,-1.0670460608216255,-1.0670460608216255,1827280.0,1725508051424299599,1725508051423916442,1725508051423916442,0.0,0.0,0.0,0.0,0.0,140575.0,140575.0,0.0,2.134092121643251,0.0,0.0,2024-09-05,85603,cba
7904793995831045686,85603,11.0,25.0,0.44,44.0,1.0,11.0,Partially Filled,140570.0,140570.0,140560.0,140580.0,20.0,1.422778686775272,140570.0,0.0,0.0,0.0,-0.3556820202738752,0.0,0.0,0.0,1546270.0,1725508059184283891,1725508059153328801,1725508059153328801,0.0,0.0,0.0,0.0,0.0,140575.0,140575.0,0.0,0.7113640405477504,0.0,0.0,2024-09-05,85603,cba
7904793995831050158,85603,1.0,12.0,0.08333333333333333,8.333333333333332,1.0,1.0,Partially Filled,140560.0,140635.0,140630.0,140640.0,10.0,0.7110605468055605,140560.0,0.0,0.0,-5.332954101041704,-0.711389343387636,1500.0,-5.332954101041704,-5.332954101041704,140560.0,1725508163039449892,1725508125680398254,1725508125680398254,0.0,0.0,0.0,0.0,0.0,140570.0,140570.0,0.0,1.422778686775272,0.0,0.0,2024-09-05,85603,cba
7904793995831055850,85603,18.0,25.0,0.72,72.0,3.0,6.0,Partially Filled,140600.0,140595.0,140590.0,140600.0,10.0,0.7112628471851773,140600.0,0.0,0.0,0.35563142359258865,0.0,100.0,0.35563142359258865,0.35563142359258865,2530800.0,1725508149834689704,1725508149833671045,1725508149834579104,0.0,0.000908059,0.0,0.0004540295,0.0,140600.0,140600.0,0.0,0.0,0.0,0.0,2024-09-05,85603,cba
7904793995831055945,85603,9.0,25.0,0.36,36.0,1.0,9.0,Partially Filled,140600.0,140615.0,140610.0,140620.0,10.0,0.7111616826085411,140600.0,0.0,0.0,-1.0667425239128117,-0.7111869710546903,300.0,-1.0667425239128117,-1.0667425239128117,1265400.0,1725508155746099859,1725508150501994955,1725508150501994955,0.0,0.0,0.0,0.0,0.0,140610.0,140610.0,0.0,1.4223739421093806,0.0,0.0,2024-09-05,85603,cba
7904793995831059751,85603,6.0,25.0,0.24,24.0,1.0,6.0,Partially Filled,140630.0,140610.0,140600.0,140620.0,20.0,1.4223739421093806,140630.0,0.0,0.0,-1.4223739421093806,-1.4223739421093804,200.0,-1.4223739421093806,1.4223739421093806,843780.0,1725508170745536666,1725508170745192693,1725508170745192693,0.0,0.0,0.0,0.0,0.0,140610.0,140610.0,0.0,1.4223739421093806,0.0,0.0,2024-09-05,85603,cba
7904793995831060282,85603,1.0,16.0,0.0625,6.25,1.0,1.0,Partially Filled,140620.0,140600.0,140590.0,140610.0,20.0,1.4224751066856332,140620.0,0.0,0.0,-1.4224751066856332,-0.7111869710546903,200.0,-1.4224751066856332,1.4224751066856332,140620.0,1725508195040525908,1725508174283539916,1725508174283539916,0.0,0.0,0.0,0.0,0.0,140610.0,140610.0,0.0,1.4223739421093806,0.0,0.0,2024-09-05,85603,cba
7904793995831062100,85603,29.0,70.0,0.4142857142857143,41.42857142857143,2.0,14.5,Partially Filled,140650.0,140630.0,140620.0,140640.0,20.0,1.4221716561188937,140650.0,0.0,0.0,-1.4221716561188937,-0.7110352673492606,200.0,-1.4221716561188937,1.4221716561188937,4078850.0,1725508439359422672,1725508390868027246,1725508393917703608,0.0,3.049676362,0.0,3.049676362,0.0,140640.0,140640.0,0.0,1.422070534698521,0.0,0.0,2024-09-05,85603,cba
7904793995831068420,85603,16.0,25.0,0.64,64.0,1.0,16.0,Partially Filled,140580.0,140585.0,140570.0,140600.0,30.0,2.1339403208023615,140580.0,0.0,0.0,-0.3556567201337269,-0.7112881428266591,33.33333333333333,-0.3556567201337269,-0.3556567201337269,2249280.0,1725508232630111027,1725508232629979251,1725508232629979251,0.0,0.0,0.0,0.0,0.0,140590.0,140590.0,0.0,1.4225762856533182,0.0,0.0,2024-09-05,85603,cba
7904793995831070365,85603,10.0,25.0,0.4,40.0,1.0,10.0,Partially Filled,140580.0,140590.0,140580.0,140600.0,20.0,1.4225762856533182,140580.0,0.0,0.0,-0.7112881428266591,-0.7112881428266591,100.0,-0.7112881428266591,-0.7112881428266591,1405800.0,1725508249021912730,1725508249021686919,1725508249021686919,0.0,0.0,0.0,0.0,0.0,140590.0,140590.0,0.0,1.4225762856533182,0.0,0.0,2024-09-05,85603,cba
7904793995831074697,85603,4.0,25.0,0.16,16.0,2.0,2.0,Partially Filled,140600.0,140595.0,140590.0,140600.0,10.0,0.7112628471851773,140600.0,0.0,0.0,0.35563142359258865,0.0,100.0,0.35563142359258865,0.35563142359258865,562400.0,1725508278918184234,1725508278916636458,1725508278917660407,0.0,0.001023949,0.0,0.001023949,0.0,140600.0,140600.0,0.0,0.0,0.0,0.0,2024-09-05,85603,cba
7904793995831075581,85603,6.0,22.0,0.2727272727272727,27.27272727272727,2.0,3.0,Partially Filled,140600.0,140565.0,140560.0,140570.0,10.0,0.7114146480276029,140600.0,0.0,0.0,-2.4899512680966103,-0.35563142359258865,700.0,-2.4899512680966103,2.4899512680966103,843600.0,1725508333000440260,1725508290962243296,1725508294382876628,0.0,3.420633332,0.0,3.420633332,0.0,140595.0,140595.0,0.0,0.7112628471851773,0.0,0.0,2024-09-05,85603,cba
7904793995831085229,85603,12.0,25.0,0.48,48.0,1.0,12.0,Partially Filled,140565.0,140600.0,140590.0,140610.0,20.0,1.4224751066856332,140570.0,5.0,0.355694671693818,-2.4893314366998576,-0.355694671693818,350.0,-2.4893314366998576,-2.4893314366998576,1686780.0,1725508453314534557,1725508377142998687,1725508377142998687,0.0,0.0,0.0,0.0,0.0,140570.0,140570.0,0.0,0.0,0.0,0.0,2024-09-05,85603,cba
7904793995831091867,85603,4.0,25.0,0.16,16.0,1.0,4.0,Partially Filled,140630.0,140625.0,140610.0,140640.0,30.0,2.1333333333333333,140630.0,0.0,0.0,-0.3555555555555555,-0.7111363959607453,33.33333333333333,-0.3555555555555555,0.3555555555555555,562520.0,1725508425033166304,1725508425033051049,1725508425033051049,0.0,0.0,0.0,0.0,0.0,140620.0,140620.0,0.0,1.4222727919214906,0.0,0.0,2024-09-05,85603,cba
7904793995831098100,85603,1.0,25.0,0.04,4.0,1.0,1.0,Partially Filled,140580.0,140560.0,140550.0,140570.0,20.0,1.4228799089356858,140580.0,0.0,0.0,-1.4228799089356858,-0.3556820202738752,200.0,-1.4228799089356858,1.4228799089356858,140580.0,1725508489040551620,1725508466732089478,1725508466732089478,0.0,0.0,0.0,0.0,0.0,140575.0,140575.0,0.0,0.7113640405477504,0.0,0.0,2024-09-05,85603,cba
7904793995831099430,85603,3.0,23.0,0.13043478260869565,13.043478260869565,1.0,3.0,Partially Filled,140520.0,140590.0,140590.0,140590.0,0.0,0.0,140520.0,0.0,0.0,-4.979016999786613,-1.4230823964707557,,-4.979016999786613,-4.979016999786613,421560.0,1725508858324779416,1725508724711830729,1725508724711830729,0.0,0.0,0.0,0.0,0.0,140540.0,140540.0,0.0,2.8461647929415115,0.0,0.0,2024-09-05,85603,cba
7904793995831111682,85603,7.0,25.0,0.28,28.000000000000004,1.0,7.0,Partially Filled,140570.0,140580.0,140570.0,140590.0,20.0,1.422677479015507,140570.0,0.0,0.0,-0.7113387395077535,-0.7113387395077535,100.0,-0.7113387395077535,-0.7113387395077535,983990.0,1725508590157904644,1725508590157622038,1725508590157622038,0.0,0.0,0.0,0.0,0.0,140580.0,140580.0,0.0,1.422677479015507,0.0,0.0,2024-09-05,85603,cba
7904793995831114601,85603,12.0,16.0,0.75,75.0,1.0,12.0,Partially Filled,140610.0,140595.0,140590.0,140600.0,10.0,0.7112628471851773,140610.0,0.0,0.0,-1.066894270777766,-0.7112375533428166,300.0,-1.066894270777766,1.066894270777766,1687320.0,1725508629040542944,1725508606400606270,1725508606400606270,0.0,0.0,0.0,0.0,0.0,140600.0,140600.0,0.0,1.4224751066856332,0.0,0.0,2024-09-05,85603,cba
7904793995831118928,85603,1.0,4.0,0.25,25.0,1.0,1.0,Partially Filled,140600.0,140630.0,140620.0,140640.0,20.0,1.4221716561188937,140600.0,0.0,0.0,-2.13325748417834,-0.7111869710546903,300.0,-2.13325748417834,-2.13325748417834,140600.0,1725508656834191541,1725508646374994827,1725508646374994827,0.0,0.0,0.0,0.0,0.0,140610.0,140610.0,0.0,1.4223739421093806,0.0,0.0,2024-09-05,85603,cba
7904793995831120178,85603,12.0,25.0,0.48,48.0,1.0,12.0,Partially Filled,140630.0,140630.0,140620.0,140640.0,20.0,1.4221716561188937,140630.0,0.0,0.0,-0.0,-0.35555555555555546,0.0,-0.0,0.0,1687560.0,1725508649794235483,1725508649794101208,1725508649794101208,0.0,0.0,0.0,0.0,0.0,140625.0,140625.0,0.0,0.711111111111111,0.0,0.0,2024-09-05,85603,cba
7904793995831122261,85603,19.0,25.0,0.76,76.0,2.0,9.5,Partially Filled,140620.0,140585.0,140580.0,140590.0,10.0,0.7113134402674538,140620.0,0.0,0.0,-2.4895970409360886,-1.8156252929884327,700.0,-2.4895970409360886,2.4895970409360886,2671780.0,1725508916147509344,1725508873660194078,1725508873671777764,0.0,0.011583686,0.0,0.011583686,0.0,140585.0,140600.0,1.0669701604011808,1.77813182681936,1.066818386551906,0.0,2024-09-05,85603,cba
7904793995831128842,85603,12.0,25.0,0.48,48.0,1.0,12.0,Partially Filled,140530.0,140585.0,140570.0,140600.0,30.0,2.1339403208023615,140530.0,0.0,0.0,-3.912223921470996,-0.7115411982353779,366.66666666666663,-3.912223921470996,-3.912223921470996,1686360.0,1725508750398277598,1725508740760821585,1725508740760821585,0.0,0.0,0.0,0.0,0.0,140540.0,140540.0,0.0,1.4230823964707557,0.0,0.0,2024-09-05,85603,cba
7904793995831130989,85603,11.0,25.0,0.44,44.0,1.0,11.0,Partially Filled,140560.0,140570.0,140570.0,140570.0,0.0,0.0,140560.0,0.0,0.0,-0.711389343387636,-0.711389343387636,,-0.711389343387636,-0.711389343387636,1546160.0,1725508756349275055,1725508747652292352,1725508747652292352,0.0,0.0,0.0,0.0,0.0,140570.0,140570.0,0.0,1.422778686775272,0.0,0.0,2024-09-05,85603,cba
7904793995831137212,85603,20.0,22.0,0.9090909090909091,90.9090909090909,2.0,10.0,Partially Filled,140540.0,140585.0,140580.0,140590.0,10.0,0.7113134402674538,140540.0,0.0,0.0,-3.2009104812035423,-0.7114905727499111,900.0,-3.2009104812035423,-3.2009104812035423,2810800.0,1725508850006308333,1725508827397430407,1725508827582526287,0.0,0.18509588,0.0,0.18509588,0.0,140550.0,140550.0,0.0,1.4229811454998222,0.0,0.0,2024-09-05,85603,cba
7904793995831140331,85603,7.0,25.0,0.28,28.000000000000004,1.0,7.0,Partially Filled,140560.0,140580.0,140570.0,140590.0,20.0,1.422677479015507,140560.0,0.0,0.0,-1.422677479015507,-1.0670460608216255,200.0,-1.422677479015507,-1.422677479015507,983920.0,1725508882600092367,1725508845070045623,1725508845070045623,0.0,0.0,0.0,0.0,0.0,140575.0,140575.0,0.0,2.134092121643251,0.0,0.0,2024-09-05,85603,cba
7904793995831148487,85603,10.0,43.0,0.23255813953488372,23.25581395348837,1.0,10.0,Partially Filled,140560.0,140560.0,140550.0,140570.0,20.0,1.4228799089356858,140560.0,0.0,0.0,0.0,-0.35570732401380145,0.0,0.0,0.0,1405600.0,1725508903560840749,1725508902917623292,1725508902917623292,0.0,0.0,0.0,0.0,0.0,140565.0,140565.0,0.0,0.7114146480276029,0.0,0.0,2024-09-05,85603,cba
7904793995831162248,85603,3.0,34.0,0.08823529411764706,8.823529411764707,1.0,3.0,Partially Filled,140540.0,140555.0,140540.0,140570.0,30.0,2.134395788125645,140540.0,0.0,0.0,-1.0671978940628224,-1.0671978940628224,100.0,-1.0671978940628224,-1.0671978940628224,421620.0,1725509044375541084,1725509042218095918,1725509042218095918,0.0,0.0,0.0,0.0,0.0,140555.0,140555.0,0.0,2.134395788125645,0.0,0.0,2024-09-05,85603,cba
7904793995831170162,85603,45.0,108.0,0.4166666666666667,41.66666666666667,2.0,22.5,Partially Filled,140560.0,140540.0,140520.0,140560.0,40.0,2.8461647929415115,140560.0,0.0,0.0,-1.4230823964707557,-0.972398292451312,100.0,-1.4230823964707557,1.4230823964707557,6325200.0,1725509071527442717,1725509068089163736,1725509069537043967,0.0,1.447880231,0.0,1.447880231,0.0,140545.0,140550.0,0.3557579422960618,1.7787643996380962,0.35578325413827405,0.0,2024-09-05,85603,cba
7904793995831173075,85603,15.0,25.0,0.6,60.0,1.0,15.0,Partially Filled,140520.0,140535.0,140510.0,140560.0,50.0,3.557832568399331,140520.0,0.0,0.0,-1.0673497705197994,-1.423082396470756,60.0,-1.0673497705197994,-1.0673497705197994,2107800.0,1725509071631023847,1725509071630835347,1725509071630835347,0.0,0.0,0.0,0.0,0.0,140540.0,140540.0,0.0,2.8461647929415115,0.0,0.0,2024-09-05,85603,cba
7904793995831178550,85603,36.0,42.0,0.8571428571428571,85.71428571428571,2.0,18.0,Partially Filled,140570.0,140590.0,140570.0,140610.0,40.0,2.8451525713066363,140570.0,0.0,0.0,-1.4225762856533182,-3.3185354074555593,100.0,-1.4225762856533182,-1.4225762856533182,5060520.0,1725509170054016694,1725509169368141381,1725509170053881096,0.0,0.685739715,0.0,0.685739715,0.0,140630.0,140590.0,-2.8443433122377875,2.844747941772212,0.00040462953442443883,0.0,2024-09-05,85603,cba
7904793995831193052,85603,2.0,15.0,0.13333333333333333,13.333333333333334,1.0,2.0,Partially Filled,140520.0,140690.0,140680.0,140700.0,20.0,1.4215651432226883,140520.0,0.0,0.0,-12.08330371739285,-1.4230823964707557,1700.0,-12.08330371739285,-12.08330371739285,281040.0,1725509550810475630,1725509220621211160,1725509220621211160,0.0,0.0,0.0,0.0,0.0,140540.0,140540.0,0.0,2.8461647929415115,0.0,0.0,2024-09-05,85603,cba
7904793995831193875,85603,71.0,75.0,0.9466666666666667,94.66666666666667,6.0,11.833333333333334,Partially Filled,140558.02816901408,139745.0,152540.0,126950.0,-25590.0,-1831.1925292497046,140560.0,1.9718309859163128,0.14028393468385833,58.17941028402331,-0.14028393468380002,,58.17941028402331,58.17941028402336,9979620.0,1725516085173966116,1725509221999313849,1725509222000348694,0.0,0.001034845,0.0,0.000206969,0.0,140560.0,140560.0,0.0,0.0,0.0,0.580896439402187,2024-09-05,85603,cba
7904793995831195061,85603,16.0,36.0,0.4444444444444444,44.44444444444444,1.0,16.0,Partially Filled,140570.0,140595.0,140580.0,140610.0,30.0,2.133788541555532,140570.0,0.0,0.0,-1.7781571179629432,-1.4225762856533182,166.66666666666669,-1.7781571179629432,-1.7781571179629432,2249120.0,1725509234429964748,1725509230607963523,1725509230607963523,0.0,0.0,0.0,0.0,0.0,140590.0,140590.0,0.0,2.8451525713066363,0.0,0.0,2024-09-05,85603,cba
7904793995831205220,85603,2.0,25.0,0.08,8.0,1.0,2.0,Partially Filled,140590.0,141020.0,141010.0,141030.0,20.0,1.4182385477237271,140590.0,0.0,0.0,-30.492128776060134,-1.0668183919490772,4300.0,-30.492128776060134,-30.492128776060134,281180.0,1725511983469638282,1725509310861237925,1725509310861237925,0.0,0.0,0.0,0.0,0.0,140605.0,140605.0,0.0,2.1336367838981545,0.0,0.0,2024-09-05,85603,cba
7904793995831210574,85603,26.0,59.0,0.4406779661016949,44.06779661016949,2.0,13.0,Partially Filled,140670.0,140645.0,140630.0,140660.0,30.0,2.1330299690710657,140670.0,0.0,0.0,-1.7775249742258878,-0.3691267453964103,166.66666666666669,-1.7775249742258878,1.7775249742258878,3657420.0,1725509373041525704,1725509346969713041,1725509348304942172,0.0,1.335229131,0.0,1.335229131,0.0,140665.0,140660.0,-0.35545444851242314,1.066388616008513,0.3554797189836667,0.0,2024-09-05,85603,cba
7904793995831211710,85603,6.0,14.0,0.42857142857142855,42.857142857142854,3.0,2.0,Partially Filled,140660.0,140640.0,140630.0,140650.0,20.0,1.422070534698521,140660.0,0.0,0.0,-1.422070534698521,-0.8295032296510154,200.0,-1.422070534698521,1.422070534698521,843960.0,1725509380040523230,1725509356038396475,1725509369899810778,0.0,13.861414303,0.0,6.9307071515,0.0,140655.0,140645.0,-0.7109594397639615,1.6590064593020308,0.6703704763990642,0.0,2024-09-05,85603,cba
7904793995831228456,85603,1.0,22.0,0.045454545454545456,4.545454545454546,1.0,1.0,Partially Filled,140640.0,140655.0,140640.0,140670.0,30.0,2.1328783192918843,140640.0,0.0,0.0,-1.0664391596459422,-1.0664391596459422,100.0,-1.0664391596459422,-1.0664391596459422,140640.0,1725509619308425246,1725509619308245692,1725509619308245692,0.0,0.0,0.0,0.0,0.0,140655.0,140655.0,0.0,2.1328783192918843,0.0,0.0,2024-09-05,85603,cba
7904793995831230450,85603,22.0,23.0,0.9565217391304348,95.65217391304348,3.0,7.333333333333333,Partially Filled,140670.0,140690.0,140680.0,140700.0,20.0,1.4215651432226883,140670.0,0.0,0.0,-1.4215651432226883,-0.4523575213684374,200.0,-1.4215651432226883,-1.4215651432226883,3094740.0,1725509479116321762,1725509474273211363,1725509477951940063,0.0,3.6787287,0.0,1.83936435,0.0,140680.0,140675.0,-0.35541654819448393,1.184730249009116,0.3350780250915337,0.0,2024-09-05,85603,cba
7904793995831232201,85603,2.0,25.0,0.08,8.0,1.0,2.0,Partially Filled,140980.0,140965.0,140950.0,140980.0,30.0,2.1281878480473875,140980.0,0.0,0.0,-1.0640939240236937,-1.7736156929516511,100.0,-1.0640939240236937,1.0640939240236937,281960.0,1725511887759739926,1725511877622456463,1725511877622456463,0.0,0.0,0.0,0.0,0.0,140955.0,140955.0,0.0,3.5472313859033022,0.0,0.0,2024-09-05,85603,cba
7904793995831235820,85603,12.0,29.0,0.41379310344827586,41.37931034482759,1.0,12.0,Partially Filled,140710.0,140725.0,140720.0,140730.0,10.0,0.7106057914372002,140710.0,0.0,0.0,-1.0659086871558003,-0.7106310403638431,300.0,-1.0659086871558003,-1.0659086871558003,1688520.0,1725509493819009408,1725509493335428833,1725509493335428833,0.0,0.0,0.0,0.0,0.0,140720.0,140720.0,0.0,1.4212620807276861,0.0,0.0,2024-09-05,85603,cba
7904793995831255638,85603,17.0,28.0,0.6071428571428571,60.71428571428571,2.0,8.5,Partially Filled,140680.0,140685.0,140680.0,140690.0,10.0,0.7108078331023209,140680.0,0.0,0.0,-0.35540391655116044,-0.37630854331940655,100.0,-0.35540391655116044,-0.35540391655116044,2391560.0,1725509957358477992,1725509953992030381,1725509956601044036,0.0,2.609013655,0.0,2.609013655,0.0,140690.0,140685.0,-0.3553912858056721,1.0661864881625047,0.35537865506018373,0.0,2024-09-05,85603,cba
7904793995831277583,85603,17.0,26.0,0.6538461538461539,65.38461538461539,1.0,17.0,Partially Filled,140700.0,140745.0,140740.0,140750.0,10.0,0.7105048136701126,140700.0,0.0,0.0,-3.197271661515507,-1.0659844366272253,900.0,-3.197271661515507,-3.197271661515507,2391900.0,1725509800129236270,1725509796405789568,1725509796405789568,0.0,0.0,0.0,0.0,0.0,140715.0,140715.0,0.0,2.1319688732544506,0.0,0.0,2024-09-05,85603,cba
7904793995831285305,85603,1.0,25.0,0.04,4.0,1.0,1.0,Partially Filled,140720.0,140710.0,140700.0,140720.0,20.0,1.4213630872006255,140720.0,0.0,0.0,-0.7106815436003128,-0.7106815436003128,100.0,-0.7106815436003128,0.7106815436003128,140720.0,1725509825331493738,1725509824907272717,1725509824907272717,0.0,0.0,0.0,0.0,0.0,140710.0,140710.0,0.0,1.4213630872006255,0.0,0.0,2024-09-05,85603,cba
7904793995831285884,85603,4.0,16.0,0.25,25.0,1.0,4.0,Partially Filled,140720.0,140690.0,140680.0,140700.0,20.0,1.4215651432226883,140720.0,0.0,0.0,-2.132347714834032,-0.7106815436003128,300.0,-2.132347714834032,2.132347714834032,562880.0,1725509851041456919,1725509838126118764,1725509838126118764,0.0,0.0,0.0,0.0,0.0,140710.0,140710.0,0.0,1.4213630872006255,0.0,0.0,2024-09-05,85603,cba
7904793995831292538,85603,19.0,25.0,0.76,76.0,1.0,19.0,Partially Filled,140750.0,140730.0,140710.0,140750.0,40.0,2.8423221772187874,140750.0,0.0,0.0,-1.4211610886093937,-1.4211610886093937,100.0,-1.4211610886093937,1.4211610886093937,2674250.0,1725509882437064157,1725509882436880130,1725509882436880130,0.0,0.0,0.0,0.0,0.0,140730.0,140730.0,0.0,2.8423221772187874,0.0,0.0,2024-09-05,85603,cba
7904793995831295255,85603,22.0,25.0,0.88,88.0,1.0,22.0,Partially Filled,140740.0,140720.0,140710.0,140730.0,20.0,1.4212620807276861,140740.0,0.0,0.0,-1.4212620807276861,-0.35527764948307106,200.0,-1.4212620807276861,1.4212620807276861,3096280.0,1725509918380982528,1725509895738676352,1725509895738676352,0.0,0.0,0.0,0.0,0.0,140735.0,140735.0,0.0,0.7105552989661421,0.0,0.0,2024-09-05,85603,cba
7904793995831295432,85603,4.0,25.0,0.16,16.0,3.0,1.3333333333333333,Partially Filled,140730.0,140725.0,140720.0,140730.0,10.0,0.7106057914372002,140730.0,0.0,0.0,-0.3553028957186001,-0.3553028957186001,100.0,-0.3553028957186001,0.3553028957186001,562920.0,1725509896604695801,1725509896060035545,1725509896063611530,0.0,0.003575985,0.0,0.0017879925,0.0,140725.0,140725.0,0.0,0.7106057914372,1.1102230246251565e-16,0.0,2024-09-05,85603,cba
7904793995831301087,85603,1.0,25.0,0.04,4.0,1.0,1.0,Partially Filled,140720.0,140710.0,140700.0,140720.0,20.0,1.4213630872006255,140720.0,0.0,0.0,-0.7106815436003128,-0.7106815436003128,100.0,-0.7106815436003128,0.7106815436003128,140720.0,1725509934864453433,1725509931697129866,1725509931697129866,0.0,0.0,0.0,0.0,0.0,140710.0,140710.0,0.0,1.4213630872006255,0.0,0.0,2024-09-05,85603,cba
7904793995831303797,85603,3.0,5.0,0.6,60.0,1.0,3.0,Partially Filled,140780.0,140815.0,140810.0,140820.0,10.0,0.7101516173703085,140780.0,0.0,0.0,-2.48553066079608,-0.3551514721028519,700.0,-2.48553066079608,-2.48553066079608,422340.0,1725510133543757938,1725510108566951049,1725510108566951049,0.0,0.0,0.0,0.0,0.0,140785.0,140785.0,0.0,0.7103029442057038,0.0,0.0,2024-09-05,85603,cba
7904793995831307529,85603,8.0,23.0,0.34782608695652173,34.78260869565217,1.0,8.0,Partially Filled,140700.0,140715.0,140710.0,140720.0,10.0,0.7106562910848169,140700.0,0.0,0.0,-1.0659844366272253,-1.0659844366272253,300.0,-1.0659844366272253,-1.0659844366272253,1125600.0,1725509992161759628,1725509984896690068,1725509984896690068,0.0,0.0,0.0,0.0,0.0,140715.0,140715.0,0.0,2.1319688732544506,0.0,0.0,2024-09-05,85603,cba
7904793995831310339,85603,10.0,16.0,0.625,62.5,1.0,10.0,Partially Filled,140720.0,140715.0,140700.0,140730.0,30.0,2.1319688732544506,140720.0,0.0,0.0,-0.35532814554240844,-0.7106815436003128,33.33333333333333,-0.35532814554240844,0.35532814554240844,1407200.0,1725509981136377487,1725509979561634845,1725509979561634845,0.0,0.0,0.0,0.0,0.0,140710.0,140710.0,0.0,1.4213630872006255,0.0,0.0,2024-09-05,85603,cba
7904793995831317323,85603,3.0,60.0,0.05,5.0,1.0,3.0,Partially Filled,140820.0,140790.0,140780.0,140800.0,20.0,1.420555437175936,140820.0,0.0,0.0,-2.1308331557639035,-1.0653030787258975,300.0,-2.1308331557639035,2.1308331557639035,422460.0,1725510056577378646,1725510043284359344,1725510043284359344,0.0,0.0,0.0,0.0,0.0,140805.0,140805.0,0.0,2.130606157451795,0.0,0.0,2024-09-05,85603,cba
7904793995831319051,85603,22.0,25.0,0.88,88.0,2.0,11.0,Partially Filled,140800.0,140790.0,140780.0,140800.0,20.0,1.420555437175936,140800.0,0.0,0.0,-0.710277718587968,-0.710277718587968,100.0,-0.710277718587968,0.710277718587968,3097600.0,1725510033044445939,1725510032731520066,1725510033044320540,0.0,0.312800474,0.0,0.312800474,0.0,140790.0,140790.0,0.0,1.420555437175936,0.0,0.0,2024-09-05,85603,cba
7904793995831323312,85603,16.0,59.0,0.2711864406779661,27.11864406779661,4.0,4.0,Partially Filled,140840.0,140690.0,140680.0,140700.0,20.0,1.4215651432226883,140840.0,0.0,0.0,-10.661738574170162,-0.8210371675045282,1500.0,-10.661738574170162,10.661738574170162,2253440.0,1725510382606399208,1725510133544673682,1725510138326316597,0.0,4.781642915,0.0,1.5938809716666666,0.0,140825.0,140825.0,0.0,1.7752277622588983,0.35507580599957844,0.0,2024-09-05,85603,cba
7904793995831330764,85603,2.0,3.0,0.6666666666666666,66.66666666666666,2.0,1.0,Partially Filled,140800.0,140800.0,140790.0,140810.0,20.0,1.4204545454545454,140800.0,0.0,0.0,0.0,-0.3551010262419659,0.0,0.0,0.0,281600.0,1725510116780576420,1725510115974545029,1725510115974545029,0.0,0.0,0.0,0.0,0.0,140805.0,140805.0,0.0,0.7102020524839318,0.0,0.0,2024-09-05,85603,cba
7904793995831333052,85603,5.0,25.0,0.2,20.0,1.0,5.0,Partially Filled,140810.0,140815.0,140810.0,140820.0,10.0,0.7101516173703085,140810.0,0.0,0.0,-0.35507580868515426,0.0,100.0,-0.35507580868515426,-0.35507580868515426,704050.0,1725510130282897708,1725510129898305490,1725510129898305490,0.0,0.0,0.0,0.0,0.0,140810.0,140810.0,0.0,0.0,0.0,0.0,2024-09-05,85603,cba
7904793995831335926,85603,5.0,25.0,0.2,20.0,1.0,5.0,Partially Filled,140810.0,140800.0,140790.0,140810.0,20.0,1.4204545454545454,140810.0,0.0,0.0,-0.7102272727272727,-0.7102272727272727,100.0,-0.7102272727272727,0.7102272727272727,704050.0,1725510146820599888,1725510146820468440,1725510146820468440,0.0,0.0,0.0,0.0,0.0,140800.0,140800.0,0.0,1.4204545454545454,0.0,0.0,2024-09-05,85603,cba
7904793995831344701,85603,10.0,25.0,0.4,40.0,1.0,10.0,Partially Filled,140770.0,140770.0,140760.0,140780.0,20.0,1.4207572636215104,140770.0,0.0,0.0,0.0,-0.3551767004084532,0.0,0.0,0.0,1407700.0,1725510206615556305,1725510206615427728,1725510206615427728,0.0,0.0,0.0,0.0,0.0,140775.0,140775.0,0.0,0.7103534008169065,0.0,0.0,2024-09-05,85603,cba
7904793995831348293,85603,12.0,16.0,0.75,75.0,1.0,12.0,Partially Filled,140770.0,140745.0,140730.0,140760.0,30.0,2.1315144410103377,140770.0,0.0,0.0,-1.7762620341752817,-1.065681503321374,166.66666666666669,-1.7762620341752817,1.7762620341752817,1689240.0,1725510254000576562,1725510235004161274,1725510235004161274,0.0,0.0,0.0,0.0,0.0,140755.0,140755.0,0.0,2.131363006642748,0.0,0.0,2024-09-05,85603,cba
7904793995831348726,85603,19.0,25.0,0.76,76.0,1.0,19.0,Partially Filled,140740.0,140750.0,140730.0,140770.0,40.0,2.841918294849023,140740.0,0.0,0.0,-0.7104795737122558,-1.065681503321374,50.0,-0.7104795737122558,-0.7104795737122558,2674060.0,1725510235956815593,1725510235956656965,1725510235956656965,0.0,0.0,0.0,0.0,0.0,140755.0,140755.0,0.0,2.131363006642748,0.0,0.0,2024-09-05,85603,cba
7904793995831349296,85603,10.0,21.0,0.47619047619047616,47.61904761904761,1.0,10.0,Partially Filled,140760.0,140710.0,140690.0,140730.0,40.0,2.842726174401251,140760.0,0.0,0.0,-3.5534077180015635,-1.0657572205051689,250.0,-3.5534077180015635,3.5534077180015635,1407600.0,1725510283841528556,1725510251005277013,1725510251005277013,0.0,0.0,0.0,0.0,0.0,140745.0,140745.0,0.0,2.1315144410103377,0.0,0.0,2024-09-05,85603,cba
7904793995831356247,85603,16.0,18.0,0.8888888888888888,88.88888888888889,1.0,16.0,Partially Filled,140710.0,140720.0,140710.0,140730.0,20.0,1.4212620807276861,140710.0,0.0,0.0,-0.7106310403638431,-0.7106310403638431,100.0,-0.7106310403638431,-0.7106310403638431,2251360.0,1725510306149112658,1725510304337832245,1725510304337832245,0.0,0.0,0.0,0.0,0.0,140720.0,140720.0,0.0,1.4212620807276861,0.0,0.0,2024-09-05,85603,cba
7904793995831357649,85603,10.0,11.0,0.9090909090909091,90.9090909090909,1.0,10.0,Partially Filled,140740.0,140760.0,140740.0,140780.0,40.0,2.841716396703609,140740.0,0.0,0.0,-1.4208581983518045,-1.4208581983518045,100.0,-1.4208581983518045,-1.4208581983518045,1407400.0,1725510320669672414,1725510318022366946,1725510318022366946,0.0,0.0,0.0,0.0,0.0,140760.0,140760.0,0.0,2.841716396703609,0.0,0.0,2024-09-05,85603,cba
7904793995831360685,85603,15.0,25.0,0.6,60.0,1.0,15.0,Partially Filled,140740.0,140760.0,140740.0,140780.0,40.0,2.841716396703609,140740.0,0.0,0.0,-1.4208581983518045,-1.4208581983518045,100.0,-1.4208581983518045,-1.4208581983518045,2111100.0,1725510342495724728,1725510342309168471,1725510342309168471,0.0,0.0,0.0,0.0,0.0,140760.0,140760.0,0.0,2.841716396703609,0.0,0.0,2024-09-05,85603,cba
7904793995831365692,85603,2.0,15.0,0.13333333333333333,13.333333333333334,2.0,1.0,Partially Filled,140720.0,140690.0,140680.0,140700.0,20.0,1.4215651432226883,140720.0,0.0,0.0,-2.132347714834032,-0.35532814554240844,300.0,-2.132347714834032,2.132347714834032,281440.0,1725510397000936134,1725510372626641942,1725510373608314670,0.0,0.981672728,0.0,0.981672728,0.0,140715.0,140715.0,0.0,0.7106562910848169,0.0,0.0,2024-09-05,85603,cba
7904793995831378953,85603,6.0,25.0,0.24,24.0,1.0,6.0,Partially Filled,140690.0,140685.0,140680.0,140690.0,10.0,0.7108078331023209,140690.0,0.0,0.0,-0.35540391655116044,-0.35540391655116044,100.0,-0.35540391655116044,0.35540391655116044,844140.0,1725510457354614956,1725510457128644487,1725510457128644487,0.0,0.0,0.0,0.0,0.0,140685.0,140685.0,0.0,0.7108078331023209,0.0,0.0,2024-09-05,85603,cba
7904793995831381194,85603,10.0,25.0,0.4,40.0,1.0,10.0,Partially Filled,140700.0,140710.0,140700.0,140720.0,20.0,1.4213630872006255,140700.0,0.0,0.0,-0.7106815436003128,-0.7106815436003128,100.0,-0.7106815436003128,-0.7106815436003128,1407000.0,1725510480435881271,1725510480435750330,1725510480435750330,0.0,0.0,0.0,0.0,0.0,140710.0,140710.0,0.0,1.4213630872006255,0.0,0.0,2024-09-05,85603,cba
7904793995831390124,85603,6.0,60.0,0.1,10.0,1.0,6.0,Partially Filled,140760.0,140715.0,140710.0,140720.0,10.0,0.7106562910848169,140760.0,0.0,0.0,-3.197953309881676,-1.0657572205051689,900.0,-3.197953309881676,3.197953309881676,844560.0,1725510610777438277,1725510543051817352,1725510543051817352,0.0,0.0,0.0,0.0,0.0,140745.0,140745.0,0.0,2.1315144410103377,0.0,0.0,2024-09-05,85603,cba
7904793995831391586,85603,2.0,25.0,0.08,8.0,1.0,2.0,Partially Filled,140740.0,140710.0,140700.0,140720.0,20.0,1.4213630872006255,140740.0,0.0,0.0,-2.132044630800938,-0.7105805443046969,300.0,-2.132044630800938,2.132044630800938,281480.0,1725510560167411321,1725510546497771235,1725510546497771235,0.0,0.0,0.0,0.0,0.0,140730.0,140730.0,0.0,1.4211610886093937,0.0,0.0,2024-09-05,85603,cba
7904793995831400877,85603,20.0,24.0,0.8333333333333334,83.33333333333334,1.0,20.0,Partially Filled,140700.0,140705.0,140700.0,140710.0,10.0,0.710706797910522,140700.0,0.0,0.0,-0.355353398955261,-0.355353398955261,100.0,-0.355353398955261,-0.355353398955261,2814000.0,1725510627293476851,1725510625911601825,1725510625911601825,0.0,0.0,0.0,0.0,0.0,140705.0,140705.0,0.0,0.710706797910522,0.0,0.0,2024-09-05,85603,cba
7904793995831406945,85603,1.0,15.0,0.06666666666666667,6.666666666666667,1.0,1.0,Partially Filled,140790.0,140775.0,140770.0,140780.0,10.0,0.7103534008169065,140790.0,0.0,0.0,-1.0655301012253595,-1.0655301012253595,300.0,-1.0655301012253595,1.0655301012253595,140790.0,1725510935707258199,1725510720966510976,1725510720966510976,0.0,0.0,0.0,0.0,0.0,140775.0,140775.0,0.0,2.131060202450719,0.0,0.0,2024-09-05,85603,cba
7904793995831407024,85603,11.0,34.0,0.3235294117647059,32.35294117647059,1.0,11.0,Partially Filled,140750.0,140765.0,140760.0,140770.0,10.0,0.7104038645970234,140750.0,0.0,0.0,-1.0656057968955353,-0.7104290991759022,300.0,-1.0656057968955353,-1.0656057968955353,1548250.0,1725510676569581089,1725510676129749090,1725510676129749090,0.0,0.0,0.0,0.0,0.0,140760.0,140760.0,0.0,1.4208581983518045,0.0,0.0,2024-09-05,85603,cba
7904793995831411650,85603,21.0,24.0,0.875,87.5,1.0,21.0,Partially Filled,140710.0,140715.0,140710.0,140720.0,10.0,0.7106562910848169,140710.0,0.0,0.0,-0.35532814554240844,-0.35532814554240844,100.0,-0.35532814554240844,-0.35532814554240844,2954910.0,1725510790585181448,1725510790585032070,1725510790585032070,0.0,0.0,0.0,0.0,0.0,140715.0,140715.0,0.0,0.7106562910848169,0.0,0.0,2024-09-05,85603,cba
7904793995831412789,85603,12.0,36.0,0.3333333333333333,33.33333333333333,1.0,12.0,Partially Filled,140750.0,140780.0,140770.0,140790.0,20.0,1.4206563432305725,140750.0,0.0,0.0,-2.1309845148458586,-0.3552271677737913,300.0,-2.1309845148458586,-2.1309845148458586,1689000.0,1725510713504438649,1725510703668674612,1725510703668674612,0.0,0.0,0.0,0.0,0.0,140755.0,140755.0,0.0,0.7104543355475826,0.0,0.0,2024-09-05,85603,cba
7904793995831419079,85603,2.0,25.0,0.08,8.0,1.0,2.0,Partially Filled,140750.0,140740.0,140730.0,140750.0,20.0,1.4210601108426886,140750.0,0.0,0.0,-0.7105300554213443,-0.7105300554213443,100.0,-0.7105300554213443,0.7105300554213443,281500.0,1725510744380092908,1725510744281784418,1725510744281784418,0.0,0.0,0.0,0.0,0.0,140740.0,140740.0,0.0,1.4210601108426886,0.0,0.0,2024-09-05,85603,cba
7904793995831419846,85603,16.0,18.0,0.8888888888888888,88.88888888888889,2.0,8.0,Partially Filled,140750.0,140745.0,140740.0,140750.0,10.0,0.7105048136701126,140750.0,0.0,0.0,-0.3552524068350563,-0.3552524068350563,100.0,-0.3552524068350563,0.3552524068350563,2252000.0,1725510753619487201,1725510749167491979,1725510750031455817,0.0,0.863963838,0.0,0.863963838,0.0,140745.0,140745.0,0.0,0.7105048136701126,0.0,0.0,2024-09-05,85603,cba
7904793995831424438,85603,21.0,41.0,0.5121951219512195,51.21951219512195,1.0,21.0,Partially Filled,140710.0,140770.0,140760.0,140780.0,20.0,1.4207572636215104,140710.0,0.0,0.0,-4.2622717908645305,-0.7106310403638431,600.0,-4.2622717908645305,-4.2622717908645305,2954910.0,1725510920806300099,1725510812924294084,1725510812924294084,0.0,0.0,0.0,0.0,0.0,140720.0,140720.0,0.0,1.4212620807276861,0.0,0.0,2024-09-05,85603,cba
7904793995831433358,85603,10.0,12.0,0.8333333333333334,83.33333333333334,1.0,10.0,Partially Filled,140730.0,140740.0,140730.0,140750.0,20.0,1.4210601108426886,140730.0,0.0,0.0,-0.7105300554213443,-0.7105300554213443,100.0,-0.7105300554213443,-0.7105300554213443,1407300.0,1725510821002599629,1725510820987553684,1725510820987553684,0.0,0.0,0.0,0.0,0.0,140740.0,140740.0,0.0,1.4210601108426886,0.0,0.0,2024-09-05,85603,cba
7904793995831436138,85603,14.0,27.0,0.5185185185185185,51.85185185185185,1.0,14.0,Partially Filled,140740.0,140755.0,140750.0,140760.0,10.0,0.7104543355475826,140740.0,0.0,0.0,-1.065681503321374,-0.7104795737122558,300.0,-1.065681503321374,-1.065681503321374,1970360.0,1725510862001019079,1725510845422365590,1725510845422365590,0.0,0.0,0.0,0.0,0.0,140750.0,140750.0,0.0,1.4209591474245116,0.0,0.0,2024-09-05,85603,cba
7904793995831447341,85603,21.0,25.0,0.84,84.0,1.0,21.0,Partially Filled,140730.0,140780.0,140760.0,140800.0,40.0,2.841312686461145,140730.0,0.0,0.0,-3.5516408580764316,-6.391137622496804,250.0,-3.5516408580764316,-3.5516408580764316,2955330.0,1725510959242291870,1725510959241386480,1725510959241386480,0.0,0.0,0.0,0.0,0.0,140820.0,140820.0,0.0,1.42025280499929,0.0,0.0,2024-09-05,85603,cba
7904793995831450646,85603,5.0,25.0,0.2,20.0,1.0,5.0,Partially Filled,140790.0,140835.0,140830.0,140840.0,10.0,0.7100507686299571,140790.0,0.0,0.0,-3.1952284588348063,-0.7102272727272727,900.0,-3.1952284588348063,-3.1952284588348063,703950.0,1725510958301597094,1725510940373763589,1725510940373763589,0.0,0.0,0.0,0.0,0.0,140800.0,140800.0,0.0,1.4204545454545454,0.0,0.0,2024-09-05,85603,cba
7904793995831453956,85603,7.0,25.0,0.28,28.000000000000004,1.0,7.0,Partially Filled,140780.0,140760.0,140750.0,140770.0,20.0,1.4208581983518045,140780.0,0.0,0.0,-1.4208581983518045,-2.1314387211367674,200.0,-1.4208581983518045,1.4208581983518045,985460.0,1725510959512185071,1725510959248406004,1725510959248406004,0.0,0.0,0.0,0.0,0.0,140750.0,140750.0,0.0,4.262877442273535,0.0,0.0,2024-09-05,85603,cba
7904793995831454109,85603,4.0,25.0,0.16,16.0,1.0,4.0,Partially Filled,140770.0,140755.0,140740.0,140770.0,30.0,2.131363006642748,140770.0,0.0,0.0,-1.065681503321374,-1.065681503321374,100.0,-1.065681503321374,1.065681503321374,563080.0,1725510959511718057,1725510959511379137,1725510959511379137,0.0,0.0,0.0,0.0,0.0,140755.0,140755.0,0.0,2.131363006642748,0.0,0.0,2024-09-05,85603,cba
7904793995831458873,85603,2.0,25.0,0.08,8.0,1.0,2.0,Partially Filled,140840.0,140825.0,140810.0,140840.0,30.0,2.1303035682584768,140840.0,0.0,0.0,-1.0651517841292384,-1.0651517841292384,100.0,-1.0651517841292384,1.0651517841292384,281680.0,1725510984109101687,1725510984108982577,1725510984108982577,0.0,0.0,0.0,0.0,0.0,140825.0,140825.0,0.0,2.1303035682584768,0.0,0.0,2024-09-05,85603,cba
7904793995831459348,85603,5.0,25.0,0.2,20.0,1.0,5.0,Partially Filled,140840.0,140825.0,140820.0,140830.0,10.0,0.7101011894194923,140840.0,0.0,0.0,-1.0651517841292384,-1.42025280499929,300.0,-1.0651517841292384,1.0651517841292384,704200.0,1725511473312070283,1725510987497909673,1725510987497909673,0.0,0.0,0.0,0.0,0.0,140820.0,140820.0,0.0,2.84050560999858,0.0,0.0,2024-09-05,85603,cba
7904793995831474033,85603,1.0,14.0,0.07142857142857142,7.142857142857142,1.0,1.0,Partially Filled,140770.0,140745.0,140740.0,140750.0,10.0,0.7105048136701126,140770.0,0.0,0.0,-1.7762620341752817,-0.3552019322985117,500.0,-1.7762620341752817,1.7762620341752817,140770.0,1725511113040515191,1725511091448822002,1725511091448822002,0.0,0.0,0.0,0.0,0.0,140765.0,140765.0,0.0,0.7104038645970234,0.0,0.0,2024-09-05,85603,cba
7904793995831482554,85603,29.0,84.0,0.34523809523809523,34.523809523809526,1.0,29.0,Partially Filled,140760.0,140750.0,140740.0,140760.0,20.0,1.4209591474245116,140760.0,0.0,0.0,-0.7104795737122558,-0.3552271677737913,100.0,-0.7104795737122558,0.7104795737122558,4082040.0,1725511180536578378,1725511176025718797,1725511176025718797,0.0,0.0,0.0,0.0,0.0,140755.0,140755.0,0.0,0.7104543355475826,0.0,0.0,2024-09-05,85603,cba
7904793995831503107,85603,7.0,25.0,0.28,28.000000000000004,1.0,7.0,Partially Filled,140760.0,140760.0,140750.0,140770.0,20.0,1.4208581983518045,140760.0,0.0,0.0,-0.0,-0.3552271677737913,0.0,-0.0,0.0,985320.0,1725511286424648830,1725511286423006721,1725511286423006721,0.0,0.0,0.0,0.0,0.0,140755.0,140755.0,0.0,0.7104543355475826,0.0,0.0,2024-09-05,85603,cba
7904793995831505515,85603,20.0,25.0,0.8,80.0,1.0,20.0,Partially Filled,140760.0,140765.0,140760.0,140770.0,10.0,0.7104038645970234,140760.0,0.0,0.0,-0.3552019322985117,-0.7103786318107552,100.0,-0.3552019322985117,-0.3552019322985117,2815200.0,1725511316519985464,1725511308726667131,1725511308726667131,0.0,0.0,0.0,0.0,0.0,140770.0,140770.0,0.0,1.4207572636215104,0.0,0.0,2024-09-05,85603,cba
7904793995831509991,85603,30.0,34.0,0.8823529411764706,88.23529411764706,3.0,10.0,Partially Filled,140770.0,140780.0,140780.0,140780.0,0.0,0.0,140770.0,0.0,0.0,-0.7103281716152863,-0.3551767004084532,,-0.7103281716152863,-0.7103281716152863,4223100.0,1725511339103279124,1725511330250826447,1725511338662889169,0.0,8.412062722,0.0,4.206031361,0.0,140775.0,140775.0,0.0,0.7103534008169065,0.0,0.0,2024-09-05,85603,cba
7904793995831515154,85603,36.0,241.0,0.14937759336099585,14.937759336099585,2.0,18.0,Partially Filled,140790.0,140775.0,140760.0,140790.0,30.0,2.131060202450719,140790.0,0.0,0.0,-1.0655301012253595,-1.0655301012253595,100.0,-1.0655301012253595,1.0655301012253595,5068440.0,1725511382496953999,1725511381896715714,1725511382102038489,0.0,0.205322775,0.0,0.205322775,0.0,140775.0,140775.0,0.0,1.4207068016338127,0.7103534008169062,0.0,2024-09-05,85603,cba
7904793995831531069,85603,3.0,25.0,0.12,12.0,1.0,3.0,Partially Filled,140810.0,140820.0,140810.0,140830.0,20.0,1.42025280499929,140810.0,0.0,0.0,-0.710126402499645,-1.0651517841292384,100.0,-0.710126402499645,-0.710126402499645,422430.0,1725511473420068553,1725511473419623362,1725511473419623362,0.0,0.0,0.0,0.0,0.0,140825.0,140825.0,0.0,0.7101011894194923,0.0,0.0,2024-09-05,85603,cba
7904793995831532181,85603,10.0,25.0,0.4,40.0,1.0,10.0,Partially Filled,140790.0,140810.0,140790.0,140830.0,40.0,2.8407073361266955,140790.0,0.0,0.0,-1.4203536680633477,-1.4203536680633477,100.0,-1.4203536680633477,-1.4203536680633477,1407900.0,1725511482532346942,1725511479045334019,1725511479045334019,0.0,0.0,0.0,0.0,0.0,140810.0,140810.0,0.0,2.8407073361266955,0.0,0.0,2024-09-05,85603,cba
7904793995831537247,85603,9.0,22.0,0.4090909090909091,40.909090909090914,1.0,9.0,Partially Filled,140870.0,140855.0,140840.0,140870.0,30.0,2.1298498455858863,140870.0,0.0,0.0,-1.0649249227929432,-1.0649249227929432,100.0,-1.0649249227929432,1.0649249227929432,1267830.0,1725511731442945054,1725511731442768344,1725511731442768344,0.0,0.0,0.0,0.0,0.0,140855.0,140855.0,0.0,2.1298498455858863,0.0,0.0,2024-09-05,85603,cba
7904793995831544585,85603,3.0,13.0,0.23076923076923078,23.076923076923077,1.0,3.0,Partially Filled,140810.0,140830.0,140820.0,140840.0,20.0,1.42015195625932,140810.0,0.0,0.0,-1.42015195625932,-1.0651517841292384,200.0,-1.42015195625932,-1.42015195625932,422430.0,1725511570776220561,1725511567443350930,1725511567443350930,0.0,0.0,0.0,0.0,0.0,140825.0,140825.0,0.0,2.1303035682584768,0.0,0.0,2024-09-05,85603,cba
7904793995831544603,85603,8.0,25.0,0.32,32.0,1.0,8.0,Partially Filled,140820.0,140825.0,140820.0,140830.0,10.0,0.7101011894194923,140820.0,0.0,0.0,-0.35505059470974615,-0.35505059470974615,100.0,-0.35505059470974615,-0.35505059470974615,1126560.0,1725511565078846068,1725511565004250356,1725511565004250356,0.0,0.0,0.0,0.0,0.0,140825.0,140825.0,0.0,0.7101011894194923,0.0,0.0,2024-09-05,85603,cba
7904793995831544628,85603,12.0,13.0,0.9230769230769231,92.3076923076923,1.0,12.0,Partially Filled,140820.0,140820.0,140810.0,140830.0,20.0,1.42025280499929,140820.0,0.0,0.0,0.0,-0.35505059470974615,0.0,0.0,0.0,1689840.0,1725511565110517672,1725511565110387179,1725511565110387179,0.0,0.0,0.0,0.0,0.0,140825.0,140825.0,0.0,0.7101011894194923,0.0,0.0,2024-09-05,85603,cba
7904793995831555571,85603,1.0,25.0,0.04,4.0,1.0,1.0,Partially Filled,140820.0,140820.0,140810.0,140830.0,20.0,1.42025280499929,140820.0,0.0,0.0,-0.0,-0.35507580868515426,0.0,-0.0,0.0,140820.0,1725511625123865682,1725511625120692271,1725511625120692271,0.0,0.0,0.0,0.0,0.0,140815.0,140815.0,0.0,0.7101516173703085,0.0,0.0,2024-09-05,85603,cba
7904793995831575408,85603,61.0,81.0,0.7530864197530864,75.30864197530865,3.0,20.333333333333332,Partially Filled,140940.0,140920.0,140900.0,140940.0,40.0,2.838489923360772,140940.0,0.0,0.0,-1.419244961680386,-1.0702131521213538,100.0,-1.419244961680386,1.419244961680386,8597340.0,1725511752592461656,1725511751148182758,1725511751384381827,0.0,0.236199069,0.0,0.1180995345,0.0,140925.0,140920.0,-0.3547986517651233,2.3653579148474173,0.33455485161620446,0.0,2024-09-05,85603,cba
7904793995831575413,85603,4.0,64.0,0.0625,6.25,1.0,4.0,Partially Filled,140940.0,140920.0,140900.0,140940.0,40.0,2.838489923360772,140940.0,0.0,0.0,-1.419244961680386,-1.419244961680386,100.0,-1.419244961680386,1.419244961680386,563760.0,1725511796701458251,1725511752754682322,1725511752754682322,0.0,0.0,0.0,0.0,0.0,140920.0,140920.0,0.0,2.838489923360772,0.0,0.0,2024-09-05,85603,cba
7904793995831576358,85603,2.0,25.0,0.08,8.0,1.0,2.0,Partially Filled,140930.0,140915.0,140900.0,140930.0,30.0,2.128942979810524,140930.0,0.0,0.0,-1.064471489905262,-1.064471489905262,100.0,-1.064471489905262,1.064471489905262,281860.0,1725511754627961072,1725511754627694978,1725511754627694978,0.0,0.0,0.0,0.0,0.0,140915.0,140915.0,0.0,2.128942979810524,0.0,0.0,2024-09-05,85603,cba
7904793995831585370,85603,19.0,25.0,0.76,76.0,1.0,19.0,Partially Filled,140930.0,140920.0,140910.0,140930.0,20.0,1.419244961680386,140930.0,0.0,0.0,-0.709622480840193,-0.709622480840193,100.0,-0.709622480840193,0.709622480840193,2677670.0,1725511810563586894,1725511810563423809,1725511810563423809,0.0,0.0,0.0,0.0,0.0,140920.0,140920.0,0.0,1.419244961680386,0.0,0.0,2024-09-05,85603,cba
7904793995831587177,85603,2.0,25.0,0.08,8.0,1.0,2.0,Partially Filled,140930.0,140910.0,140890.0,140930.0,40.0,2.8386913632815274,140930.0,0.0,0.0,-1.4193456816407637,-1.4193456816407637,100.0,-1.4193456816407637,1.4193456816407637,281860.0,1725511819934680115,1725511819934556697,1725511819934556697,0.0,0.0,0.0,0.0,0.0,140910.0,140910.0,0.0,2.8386913632815274,0.0,0.0,2024-09-05,85603,cba
7904793995831594600,85603,2.0,25.0,0.08,8.0,1.0,2.0,Partially Filled,140930.0,140925.0,140920.0,140930.0,10.0,0.7095973035302466,140930.0,0.0,0.0,-0.3547986517651233,-0.3547986517651233,100.0,-0.3547986517651233,0.3547986517651233,281860.0,1725511867442489614,1725511867442361051,1725511867442361051,0.0,0.0,0.0,0.0,0.0,140925.0,140925.0,0.0,0.7095973035302466,0.0,0.0,2024-09-05,85603,cba
7904793995831595888,85603,17.0,24.0,0.7083333333333334,70.83333333333334,1.0,17.0,Partially Filled,140930.0,140975.0,140970.0,140980.0,10.0,0.7093456286575635,140930.0,0.0,0.0,-3.1920553289590354,-1.7736156929516511,900.0,-3.1920553289590354,-3.1920553289590354,2395810.0,1725511892094833854,1725511880599611083,1725511880599611083,0.0,0.0,0.0,0.0,0.0,140955.0,140955.0,0.0,3.5472313859033022,0.0,0.0,2024-09-05,85603,cba
7904793995831596764,85603,12.0,25.0,0.48,48.0,1.0,12.0,Partially Filled,140970.0,140955.0,140930.0,140980.0,50.0,3.5472313859033022,140970.0,0.0,0.0,-1.0641694157709907,-1.4189428875487762,60.0,-1.0641694157709907,1.0641694157709907,1691640.0,1725511880336001304,1725511880322724009,1725511880322724009,0.0,0.0,0.0,0.0,0.0,140950.0,140950.0,0.0,2.8378857750975524,0.0,0.0,2024-09-05,85603,cba
7904793995831598652,85603,24.0,92.0,0.2608695652173913,26.08695652173913,1.0,24.0,Partially Filled,140970.0,141010.0,141000.0,141020.0,20.0,1.4183391248847599,140970.0,0.0,0.0,-2.8366782497695198,-0.3546728143287818,400.0,-2.8366782497695198,-2.8366782497695198,3383280.0,1725511912079849400,1725511893522473000,1725511893522473000,0.0,0.0,0.0,0.0,0.0,140975.0,140975.0,0.0,0.7093456286575635,0.0,0.0,2024-09-05,85603,cba
7904793995831608195,85603,2.0,25.0,0.08,8.0,1.0,2.0,Partially Filled,141010.0,140995.0,140980.0,141010.0,30.0,2.127735026064754,141010.0,0.0,0.0,-1.063867513032377,-0.7092198581560284,100.0,-1.063867513032377,1.063867513032377,282020.0,1725511952962211921,1725511951409881663,1725511951409881663,0.0,0.0,0.0,0.0,0.0,141000.0,141000.0,0.0,1.4184397163120568,0.0,0.0,2024-09-05,85603,cba
7904793995831608537,85603,7.0,25.0,0.28,28.000000000000004,1.0,7.0,Partially Filled,141010.0,140995.0,140980.0,141010.0,30.0,2.127735026064754,141010.0,0.0,0.0,-1.063867513032377,-1.063867513032377,100.0,-1.063867513032377,1.063867513032377,987070.0,1725511956996679387,1725511956996545462,1725511956996545462,0.0,0.0,0.0,0.0,0.0,140995.0,140995.0,0.0,2.127735026064754,0.0,0.0,2024-09-05,85603,cba
7904793995831609920,85603,24.0,25.0,0.96,96.0,1.0,24.0,Partially Filled,141010.0,140995.0,140980.0,141010.0,30.0,2.127735026064754,141010.0,0.0,0.0,-1.063867513032377,-1.063867513032377,100.0,-1.063867513032377,1.063867513032377,3384240.0,1725511965318745917,1725511965318463172,1725511965318463172,0.0,0.0,0.0,0.0,0.0,140995.0,140995.0,0.0,2.127735026064754,0.0,0.0,2024-09-05,85603,cba
7904793995831612013,85603,18.0,25.0,0.72,72.0,1.0,18.0,Partially Filled,140990.0,141010.0,141000.0,141020.0,20.0,1.4183391248847599,140990.0,0.0,0.0,-1.4183391248847599,-0.3546225043441257,200.0,-1.4183391248847599,-1.4183391248847599,2537820.0,1725512618133418419,1725511981214321938,1725511981214321938,0.0,0.0,0.0,0.0,0.0,140995.0,140995.0,0.0,0.7092450086882514,0.0,0.0,2024-09-05,85603,cba
7904793995831614832,85603,6.0,25.0,0.24,24.0,1.0,6.0,Partially Filled,141050.0,141040.0,141030.0,141050.0,20.0,1.4180374361883155,141050.0,0.0,0.0,-0.7090187180941577,-0.7090187180941577,100.0,-0.7090187180941577,0.7090187180941577,846300.0,1725511999604219318,1725511999108287572,1725511999108287572,0.0,0.0,0.0,0.0,0.0,141040.0,141040.0,0.0,1.4180374361883155,0.0,0.0,2024-09-05,85603,cba
7904793995831615048,85603,12.0,25.0,0.48,48.0,1.0,12.0,Partially Filled,141060.0,141050.0,141030.0,141070.0,40.0,2.835873803615739,141060.0,0.0,0.0,-0.7089684509039348,-1.0634903754121026,50.0,-0.7089684509039348,0.7089684509039348,1692720.0,1725512000096486570,1725512000084430099,1725512000084430099,0.0,0.0,0.0,0.0,0.0,141045.0,141045.0,0.0,2.126980750824205,0.0,0.0,2024-09-05,85603,cba
7904793995831625341,85603,18.0,25.0,0.72,72.0,2.0,9.0,Partially Filled,141080.0,141070.0,141060.0,141080.0,20.0,1.4177358758063374,141080.0,0.0,0.0,-0.7088679379031687,-0.7088679379031686,100.0,-0.7088679379031687,0.7088679379031687,2539440.0,1725512069870640701,1725512069790658775,1725512069870529337,0.0,0.079870562,0.0,0.079870562,0.0,141070.0,141070.0,0.0,1.4177358758063374,0.0,0.0,2024-09-05,85603,cba
7904793995831627942,85603,23.0,29.0,0.7931034482758621,79.3103448275862,4.0,5.75,Partially Filled,141080.0,141045.0,141030.0,141060.0,30.0,2.126980750824205,141080.0,0.0,0.0,-2.481477542628239,-0.7088679379031688,233.33333333333334,-2.481477542628239,2.481477542628239,3244840.0,1725512145040533176,1725512092151923099,1725512111677901345,0.0,19.525978246,0.0,6.508659415333334,0.0,141070.0,141070.0,0.0,1.4177358758063374,0.0,0.0,2024-09-05,85603,cba
7904793995831638146,85603,7.0,25.0,0.28,28.000000000000004,1.0,7.0,Partially Filled,141060.0,141060.0,141050.0,141070.0,20.0,1.417836381681554,141060.0,0.0,0.0,0.0,-0.35444653174068697,0.0,0.0,0.0,987420.0,1725512164945290103,1725512164927504853,1725512164927504853,0.0,0.0,0.0,0.0,0.0,141065.0,141065.0,0.0,0.7088930634813739,0.0,0.0,2024-09-05,85603,cba
7904793995831638570,85603,5.0,25.0,0.2,20.0,1.0,5.0,Partially Filled,141080.0,141085.0,141080.0,141090.0,10.0,0.7087925718538469,141080.0,0.0,0.0,-0.35439628592692346,-0.35439628592692346,100.0,-0.35439628592692346,-0.35439628592692346,705400.0,1725512165593750654,1725512165593595506,1725512165593595506,0.0,0.0,0.0,0.0,0.0,141085.0,141085.0,0.0,0.7087925718538469,0.0,0.0,2024-09-05,85603,cba
7904793995831641191,85603,12.0,25.0,0.48,48.0,1.0,12.0,Partially Filled,141120.0,141115.0,141100.0,141130.0,30.0,2.1259256634659676,141120.0,0.0,0.0,-0.35432094391099456,-0.7086669973779322,33.33333333333333,-0.35432094391099456,0.35432094391099456,1693440.0,1725512174602921745,1725512174597464700,1725512174597464700,0.0,0.0,0.0,0.0,0.0,141110.0,141110.0,0.0,1.4173339947558643,0.0,0.0,2024-09-05,85603,cba
7904793995831642050,85603,8.0,24.0,0.3333333333333333,33.33333333333333,1.0,8.0,Partially Filled,141110.0,141125.0,141120.0,141130.0,10.0,0.70859167404783,141110.0,0.0,0.0,-1.0628875110717448,-0.7086167800453514,300.0,-1.0628875110717448,-1.0628875110717448,1128880.0,1725512183875571120,1725512180880426618,1725512180880426618,0.0,0.0,0.0,0.0,0.0,141120.0,141120.0,0.0,1.417233560090703,0.0,0.0,2024-09-05,85603,cba
7904793995831647329,85603,18.0,19.0,0.9473684210526315,94.73684210526315,1.0,18.0,Partially Filled,141150.0,141155.0,141150.0,141160.0,10.0,0.7084410754135524,141150.0,0.0,0.0,-0.3542205377067762,-0.3542205377067762,100.0,-0.3542205377067762,-0.3542205377067762,2540700.0,1725512215143982842,1725512214523961953,1725512214523961953,0.0,0.0,0.0,0.0,0.0,141155.0,141155.0,0.0,0.7084410754135524,0.0,0.0,2024-09-05,85603,cba
7904793995831648106,85603,21.0,25.0,0.84,84.0,1.0,21.0,Partially Filled,141190.0,141175.0,141160.0,141190.0,30.0,2.1250221356472463,141190.0,0.0,0.0,-1.0625110678236231,-1.0625110678236231,100.0,-1.0625110678236231,1.0625110678236231,2964990.0,1725512228313117338,1725512228312997367,1725512228312997367,0.0,0.0,0.0,0.0,0.0,141175.0,141175.0,0.0,2.1250221356472463,0.0,0.0,2024-09-05,85603,cba
7904793995831652054,85603,23.0,25.0,0.92,92.0,1.0,23.0,Partially Filled,141210.0,141205.0,141190.0,141220.0,30.0,2.12457065967919,141210.0,0.0,0.0,-0.35409510994653165,-0.7082152974504249,33.33333333333333,-0.35409510994653165,0.35409510994653165,3247830.0,1725512243954915096,1725512243954792070,1725512243954792070,0.0,0.0,0.0,0.0,0.0,141200.0,141200.0,0.0,1.4164305949008498,0.0,0.0,2024-09-05,85603,cba
7904793995831664820,85603,2.0,25.0,0.08,8.0,1.0,2.0,Partially Filled,141210.0,141200.0,141190.0,141210.0,20.0,1.4164305949008498,141210.0,0.0,0.0,-0.7082152974504249,-0.7082152974504249,100.0,-0.7082152974504249,0.7082152974504249,282420.0,1725512318542987011,1725512318255819071,1725512318255819071,0.0,0.0,0.0,0.0,0.0,141200.0,141200.0,0.0,1.4164305949008498,0.0,0.0,2024-09-05,85603,cba
7904793995831672487,85603,4.0,25.0,0.16,16.0,1.0,4.0,Partially Filled,141220.0,141235.0,141210.0,141260.0,50.0,3.540198959181506,141220.0,0.0,0.0,-1.0620596877544517,-1.416029453412631,60.0,-1.0620596877544517,-1.0620596877544517,564880.0,1725512358347931472,1725512358347792462,1725512358347792462,0.0,0.0,0.0,0.0,0.0,141240.0,141240.0,0.0,2.832058906825262,0.0,0.0,2024-09-05,85603,cba
7904793995831675020,85603,16.0,25.0,0.64,64.0,1.0,16.0,Partially Filled,141260.0,141240.0,141220.0,141260.0,40.0,2.832058906825262,141260.0,0.0,0.0,-1.416029453412631,-1.416029453412631,100.0,-1.416029453412631,1.416029453412631,2260160.0,1725512381321798074,1725512381321620575,1725512381321620575,0.0,0.0,0.0,0.0,0.0,141240.0,141240.0,0.0,2.832058906825262,0.0,0.0,2024-09-05,85603,cba
7904793995831687229,85603,227.0,726.0,0.31267217630853994,31.267217630853995,6.0,37.833333333333336,Partially Filled,141362.7753303965,141330.0,141320.0,141340.0,20.0,1.4151277152763038,141360.0,2.775330396485515,0.19633067320921865,-2.3190639210702266,-0.5500569768650398,327.75330396485515,-2.3190639210702266,2.3190639210706987,32089350.0,1725512453417161179,1725512440813351839,1725512440813351839,0.0,0.0,0.0,0.0,0.0,141355.0,141355.0,0.0,0.7074387181210428,0.0,0.365299689601725,2024-09-05,85603,cba
7904793995831689296,85603,229.0,272.0,0.8419117647058824,84.19117647058823,10.0,22.9,Partially Filled,141320.0,141310.0,141300.0,141320.0,20.0,1.4153280022645247,141320.0,0.0,0.0,-0.7076640011322624,-0.42644259235778553,100.0,-0.7076640011322624,0.7076640011322624,32362280.0,1725512473260253328,1725512453469141925,1725512453599283441,0.0,0.130141516,0.0,0.014460168444444445,0.0,141315.0,141310.0,-0.35381948130064045,0.9199456745002541,0.3243038592747421,0.0,2024-09-05,85603,cba
7904793995831691970,85603,164.0,693.0,0.23665223665223664,23.665223665223664,9.0,18.22222222222222,Partially Filled,141300.0,141275.0,141260.0,141290.0,30.0,2.123517961422757,141300.0,0.0,0.0,-1.7695983011856309,0.0,166.66666666666669,-1.7695983011856309,1.7695983011856309,23173200.0,1725512481282496574,1725512473312671309,1725512473312671309,0.0,0.0,0.0,0.0,0.0,141300.0,141300.0,0.0,0.0,0.0,0.0,2024-09-05,85603,cba
7904793995831693784,85603,95.0,647.0,0.14683153013910355,14.683153013910355,4.0,23.75,Partially Filled,141260.31578947368,141245.0,141230.0,141260.0,30.0,2.123968990052745,141260.0,0.3157894736796152,0.022355194229053885,-1.084342063342392,-0.022355194229379195,102.1052631578641,-1.084342063342392,1.0843420633427172,13419730.0,1725512483419961331,1725512481340561676,1725512481340561676,0.0,0.0,0.0,0.0,0.0,141260.0,141260.0,0.0,0.0,0.0,0.3539564506886503,2024-09-05,85603,cba
7904793995831694720,85603,151.0,598.0,0.2525083612040134,25.25083612040134,6.0,25.166666666666668,Partially Filled,141230.0,141195.0,141180.0,141210.0,30.0,2.1247211303516416,141230.0,0.0,0.0,-2.4788413187435814,-0.3587346330370834,233.33333333333334,-2.4788413187435814,2.4788413187435814,21325730.0,1725512494361291075,1725512483472290806,1725512483504992412,0.0,0.032701606,0.0,0.0065403212,0.0,141225.0,141220.0,-0.35404496371039124,0.8261132721425372,0.26390822172973427,0.0,2024-09-05,85603,cba
7904793995831698080,85603,830.0,1129.0,0.7351638618246236,73.51638618246236,10.0,83.0,Partially Filled,141192.52409638555,141155.0,141150.0,141160.0,10.0,0.7084410754135524,141180.0,12.524096385546727,0.8871013164433154,-2.6583611197298525,-0.9007565607822536,750.4819277109345,-2.6583611197298525,2.658361119729529,117189795.0,1725512502592804142,1725512494415360126,1725512495737227550,0.0,1.321867424,0.0,0.14687415822222222,0.0,141180.0,141170.0,-0.7083156254426972,0.5666926400793371,0.6940539045925277,0.5131779050956286,2024-09-05,85603,cba
7904793995831702716,85603,19.0,25.0,0.76,76.0,1.0,19.0,Partially Filled,141160.0,141160.0,141150.0,141170.0,20.0,1.4168319637291018,141160.0,0.0,0.0,0.0,-0.35419544504657674,0.0,0.0,0.0,2682040.0,1725512509480533989,1725512509476236886,1725512509476236886,0.0,0.0,0.0,0.0,0.0,141165.0,141165.0,0.0,0.7083908900931535,0.0,0.0,2024-09-05,85603,cba
7904793995831709272,85603,13.0,25.0,0.52,52.0,1.0,13.0,Partially Filled,141120.0,141115.0,141110.0,141120.0,10.0,0.7086418878219891,141120.0,0.0,0.0,0.35432094391099456,0.0,100.0,0.35432094391099456,0.35432094391099456,1834560.0,1725512553301764043,1725512553191508420,1725512553191508420,0.0,0.0,0.0,0.0,0.0,141120.0,141120.0,0.0,0.0,0.0,0.0,2024-09-05,85603,cba
7904793995831726412,85603,275.0,423.0,0.6501182033096927,65.01182033096927,5.0,55.0,Partially Filled,140998.18181818182,140985.0,140980.0,140990.0,10.0,0.7092953151044438,140990.0,8.181818181823473,0.5803119499130062,-0.9349801880925965,-0.9349801880922213,263.63636363646947,-0.9349801880925965,0.9349801880922213,38774500.0,1725512667430260461,1725512665853596380,1725512665857952586,0.0,0.004356206,0.0,0.0010890515,0.0,140985.0,140985.0,0.0,0.7092953151044438,0.0,0.3171768527317913,2024-09-05,85603,cba
7904793995831726705,85603,33.0,155.0,0.2129032258064516,21.29032258064516,7.0,4.714285714285714,Partially Filled,140980.0,140970.0,140960.0,140980.0,20.0,1.4187415762218911,140980.0,0.0,0.0,-0.7093707881109456,-0.5588928598397246,100.0,-0.7093707881109456,0.7093707881109456,4652340.0,1725512693432073424,1725512667482154486,1725512677435377338,0.0,9.953222852,0.0,1.6588704753333332,0.0,140975.0,140970.0,-0.3546728143287817,0.9120301851045143,0.32047242245666463,0.0,2024-09-05,85603,cba
7904793995831729945,85603,7.0,8.0,0.875,87.5,4.0,1.75,Partially Filled,140970.0,140925.0,140920.0,140930.0,10.0,0.7095973035302466,140970.0,0.0,0.0,-3.1931878658861095,-0.5067221765450245,900.0,-3.1931878658861095,3.1931878658861095,986790.0,1725512719522592897,1725512695141437428,1725512697675990684,0.0,2.534553256,0.0,0.8448510853333334,0.0,140965.0,140960.0,-0.3546979746745646,1.2414806558957387,0.307199248556368,0.0,2024-09-05,85603,cba
7904793995831730014,85603,34.0,36.0,0.9444444444444444,94.44444444444444,1.0,34.0,Partially Filled,140910.0,140910.0,140900.0,140920.0,20.0,1.4193456816407637,140910.0,0.0,0.0,0.0,-0.3548238299684207,0.0,0.0,0.0,4790940.0,1725512726197842245,1725512726197559044,1725512726197559044,0.0,0.0,0.0,0.0,0.0,140915.0,140915.0,0.0,0.7096476599368414,0.0,0.0,2024-09-05,85603,cba
7904793995831733227,85603,126.0,129.0,0.9767441860465116,97.67441860465115,7.0,18.0,Partially Filled,140940.0,140935.0,140930.0,140940.0,10.0,0.7095469542696987,140940.0,0.0,0.0,-0.35477347713484936,0.0,100.0,-0.35477347713484936,0.35477347713484936,17758440.0,1725512718294335684,1725512718290097100,1725512718290097100,0.0,0.0,0.0,0.0,0.0,140940.0,140940.0,0.0,0.0,0.0,0.0,2024-09-05,85603,cba
7904793995831735158,85603,2.0,25.0,0.08,8.0,1.0,2.0,Partially Filled,140920.0,140890.0,140880.0,140900.0,20.0,1.419547164454539,140920.0,0.0,0.0,-2.1293207466818087,-1.4194464158978,300.0,-2.1293207466818087,2.1293207466818087,281840.0,1725512728331110194,1725512726269455406,1725512726269455406,0.0,0.0,0.0,0.0,0.0,140900.0,140900.0,0.0,2.8388928317956,0.0,0.0,2024-09-05,85603,cba
7904793995831736418,85603,6.0,25.0,0.24,24.0,1.0,6.0,Partially Filled,140910.0,140900.0,140890.0,140910.0,20.0,1.4194464158978,140910.0,0.0,0.0,-0.7097232079489,-0.7097232079488999,100.0,-0.7097232079489,0.7097232079489,845460.0,1725512734982380525,1725512734978908900,1725512734978908900,0.0,0.0,0.0,0.0,0.0,140900.0,140900.0,0.0,1.4194464158978,0.0,0.0,2024-09-05,85603,cba
7904793995831738763,85603,13.0,21.0,0.6190476190476191,61.904761904761905,1.0,13.0,Partially Filled,141040.0,141050.0,141040.0,141060.0,20.0,1.4179369018078696,141040.0,0.0,0.0,-0.7089684509039348,-0.7089684509039349,100.0,-0.7089684509039348,-0.7089684509039348,1833520.0,1725513150945918370,1725513150945749664,1725513150945749664,0.0,0.0,0.0,0.0,0.0,141050.0,141050.0,0.0,1.4179369018078696,0.0,0.0,2024-09-05,85603,cba
7904793995831749349,85603,1.0,25.0,0.04,4.0,1.0,1.0,Partially Filled,140950.0,140935.0,140930.0,140940.0,10.0,0.7095469542696987,140950.0,0.0,0.0,-1.0643204314045482,-0.3547483060768385,300.0,-1.0643204314045482,1.0643204314045482,140950.0,1725512826861523162,1725512825518648025,1725512825518648025,0.0,0.0,0.0,0.0,0.0,140945.0,140945.0,0.0,0.709496612153677,0.0,0.0,2024-09-05,85603,cba
7904793995831749621,85603,7.0,14.0,0.5,50.0,1.0,7.0,Partially Filled,140940.0,140910.0,140900.0,140920.0,20.0,1.4193456816407637,140940.0,0.0,0.0,-2.1290185224611453,-0.35477347713484936,300.0,-2.1290185224611453,2.1290185224611453,986580.0,1725512852000967024,1725512826822624888,1725512826822624888,0.0,0.0,0.0,0.0,0.0,140935.0,140935.0,0.0,0.7095469542696987,0.0,0.0,2024-09-05,85603,cba
7904793995831749775,85603,140.0,564.0,0.24822695035460993,24.822695035460992,11.0,12.727272727272727,Partially Filled,140930.14285714287,140935.0,140930.0,140940.0,10.0,0.7095469542696987,140930.0,0.14285714286961593,0.010136744686696654,0.34463709207296866,-0.010136744685811598,97.14285714260768,0.34463709207296866,-0.3446370920738537,19730220.0,1725512829440283150,1725512827832256116,1725512828996391708,0.0,1.164135592,0.0,0.1164135592,0.0,140930.0,140930.0,0.0,0.0,0.0,0.10697191476042056,2024-09-05,85603,cba
7904793995831764972,85603,18.0,24.0,0.75,75.0,1.0,18.0,Partially Filled,140950.0,140935.0,140920.0,140950.0,30.0,2.1286408628090965,140950.0,0.0,0.0,-1.0643204314045482,-0.7095217823187172,100.0,-1.0643204314045482,1.0643204314045482,2537100.0,1725512976746789729,1725512973951160303,1725512973951160303,0.0,0.0,0.0,0.0,0.0,140940.0,140940.0,0.0,1.4190435646374344,0.0,0.0,2024-09-05,85603,cba
7904793995831768802,85603,10.0,25.0,0.4,40.0,1.0,10.0,Partially Filled,140930.0,140940.0,140930.0,140950.0,20.0,1.4190435646374344,140930.0,0.0,0.0,-0.7095217823187172,-0.7095217823187172,100.0,-0.7095217823187172,-0.7095217823187172,1409300.0,1725512961633595639,1725512961633415859,1725512961633415859,0.0,0.0,0.0,0.0,0.0,140940.0,140940.0,0.0,1.4190435646374344,0.0,0.0,2024-09-05,85603,cba
7904793995831784638,85603,22.0,25.0,0.88,88.0,1.0,22.0,Partially Filled,140940.0,140950.0,140940.0,140960.0,20.0,1.4189428875487762,140940.0,0.0,0.0,-0.7094714437743881,-0.7094714437743881,100.0,-0.7094714437743881,-0.7094714437743881,3100680.0,1725513056104248660,1725513056103943650,1725513056103943650,0.0,0.0,0.0,0.0,0.0,140950.0,140950.0,0.0,1.4189428875487762,0.0,0.0,2024-09-05,85603,cba
7904793995831787376,85603,5.0,68.0,0.07352941176470588,7.352941176470589,1.0,5.0,Partially Filled,141020.0,141010.0,141000.0,141020.0,20.0,1.4183391248847599,141020.0,0.0,0.0,-0.7091695624423799,-0.7091695624423799,100.0,-0.7091695624423799,0.7091695624423799,705100.0,1725513117839423082,1725513115430487721,1725513115430487721,0.0,0.0,0.0,0.0,0.0,141010.0,141010.0,0.0,1.4183391248847599,0.0,0.0,2024-09-05,85603,cba
7904793995831787933,85603,8.0,25.0,0.32,32.0,1.0,8.0,Partially Filled,140990.0,141000.0,140990.0,141010.0,20.0,1.4184397163120568,140990.0,0.0,0.0,-0.7092198581560284,-0.3546225043441257,100.0,-0.7092198581560284,-0.7092198581560284,1127920.0,1725513080576647770,1725513080452563887,1725513080452563887,0.0,0.0,0.0,0.0,0.0,140995.0,140995.0,0.0,0.7092450086882514,0.0,0.0,2024-09-05,85603,cba
7904793995831789032,85603,16.0,25.0,0.64,64.0,1.0,16.0,Partially Filled,140990.0,141000.0,140990.0,141010.0,20.0,1.4184397163120568,140990.0,0.0,0.0,-0.7092198581560284,-0.7092198581560284,100.0,-0.7092198581560284,-0.7092198581560284,2255840.0,1725513090766809016,1725513090766645816,1725513090766645816,0.0,0.0,0.0,0.0,0.0,141000.0,141000.0,0.0,1.4184397163120568,0.0,0.0,2024-09-05,85603,cba
7904793995831804295,85603,14.0,25.0,0.56,56.00000000000001,1.0,14.0,Partially Filled,141070.0,141095.0,141080.0,141110.0,30.0,2.1262270101704526,141070.0,0.0,0.0,-1.7718558418087105,-1.7718558418087105,166.66666666666669,-1.7718558418087105,-1.7718558418087105,1974980.0,1725513179485424369,1725513179485186589,1725513179485186589,0.0,0.0,0.0,0.0,0.0,141095.0,141095.0,0.0,2.1262270101704526,0.0,0.0,2024-09-05,85603,cba
7904793995831839370,85603,24.0,102.0,0.23529411764705882,23.52941176470588,1.0,24.0,Partially Filled,141170.0,141065.0,141050.0,141080.0,30.0,2.1266791904441216,141170.0,0.0,0.0,-7.443377166554425,-0.7084159818645509,700.0,-7.443377166554425,7.443377166554425,3388080.0,1725513598563587211,1725513377880329759,1725513377880329759,0.0,0.0,0.0,0.0,0.0,141160.0,141160.0,0.0,1.4168319637291018,0.0,0.0,2024-09-05,85603,cba
7904793995831842681,85603,2.0,25.0,0.08,8.0,1.0,2.0,Partially Filled,141120.0,141095.0,141090.0,141100.0,10.0,0.7087423367234842,141120.0,0.0,0.0,-1.7718558418087105,-0.35432094391099456,500.0,-1.7718558418087105,1.7718558418087105,282240.0,1725513392777915386,1725513391772635938,1725513391772635938,0.0,0.0,0.0,0.0,0.0,141115.0,141115.0,0.0,0.7086418878219891,0.0,0.0,2024-09-05,85603,cba
7904793995831842940,85603,6.0,25.0,0.24,24.0,1.0,6.0,Partially Filled,141100.0,141080.0,141060.0,141100.0,40.0,2.835270768358378,141100.0,0.0,0.0,-1.417635384179189,-1.4176353841791893,100.0,-1.417635384179189,1.417635384179189,846600.0,1725513392309603845,1725513392309420124,1725513392309420124,0.0,0.0,0.0,0.0,0.0,141080.0,141080.0,0.0,2.835270768358378,0.0,0.0,2024-09-05,85603,cba
7904793995831847314,85603,14.0,25.0,0.56,56.00000000000001,1.0,14.0,Partially Filled,141060.0,141045.0,141030.0,141060.0,30.0,2.126980750824205,141060.0,0.0,0.0,-1.0634903754121026,-1.0634903754121026,100.0,-1.0634903754121026,1.0634903754121026,1974840.0,1725513424472319268,1725513424472162319,1725513424472162319,0.0,0.0,0.0,0.0,0.0,141045.0,141045.0,0.0,2.126980750824205,0.0,0.0,2024-09-05,85603,cba
7904793995831849307,85603,2.0,25.0,0.08,8.0,1.0,2.0,Partially Filled,141050.0,141035.0,141020.0,141050.0,30.0,2.1271315630871768,141050.0,0.0,0.0,-1.0635657815435884,-1.4181379848259235,100.0,-1.0635657815435884,1.0635657815435884,282100.0,1725513437536247412,1725513437232911625,1725513437232911625,0.0,0.0,0.0,0.0,0.0,141030.0,141030.0,0.0,2.836275969651847,0.0,0.0,2024-09-05,85603,cba
7904793995831854494,85603,7.0,25.0,0.28,28.000000000000004,1.0,7.0,Partially Filled,141020.0,141030.0,141020.0,141040.0,20.0,1.4181379848259235,141020.0,0.0,0.0,-0.7090689924129617,-0.7090689924129617,100.0,-0.7090689924129617,-0.7090689924129617,987140.0,1725513477467419136,1725513477466914151,1725513477466914151,0.0,0.0,0.0,0.0,0.0,141030.0,141030.0,0.0,1.4181379848259235,0.0,0.0,2024-09-05,85603,cba
7904793995831863485,85603,2.0,25.0,0.08,8.0,1.0,2.0,Partially Filled,141020.0,141015.0,141010.0,141020.0,10.0,0.7091444172605751,141020.0,0.0,0.0,-0.35457220863028754,-0.7091695624423799,100.0,-0.35457220863028754,0.35457220863028754,282040.0,1725513543466637612,1725513543345313279,1725513543345313279,0.0,0.0,0.0,0.0,0.0,141010.0,141010.0,0.0,1.4183391248847599,0.0,0.0,2024-09-05,85603,cba
7904793995831870439,85603,7.0,25.0,0.28,28.000000000000004,1.0,7.0,Partially Filled,141050.0,141070.0,141060.0,141080.0,20.0,1.4177358758063374,141050.0,0.0,0.0,-1.4177358758063374,-1.0633395952220608,200.0,-1.4177358758063374,-1.4177358758063374,987350.0,1725513598775143277,1725513598408555017,1725513598408555017,0.0,0.0,0.0,0.0,0.0,141065.0,141065.0,0.0,2.1266791904441216,0.0,0.0,2024-09-05,85603,cba
7904793995831872010,85603,6.0,34.0,0.17647058823529413,17.647058823529413,1.0,6.0,Partially Filled,141070.0,141090.0,141080.0,141100.0,20.0,1.41753490679708,141070.0,0.0,0.0,-1.41753490679708,-0.354421407052986,200.0,-1.41753490679708,-1.41753490679708,846420.0,1725513602651657311,1725513602223923179,1725513602223923179,0.0,0.0,0.0,0.0,0.0,141075.0,141075.0,0.0,0.7088428141059719,0.0,0.0,2024-09-05,85603,cba
7904793995831875861,85603,12.0,26.0,0.46153846153846156,46.15384615384615,1.0,12.0,Partially Filled,141090.0,141050.0,141040.0,141060.0,20.0,1.4179369018078696,141090.0,0.0,0.0,-2.835873803615739,-1.063264221158958,400.0,-2.835873803615739,2.835873803615739,1693080.0,1725513651040554630,1725513634846057858,1725513634846057858,0.0,0.0,0.0,0.0,0.0,141075.0,141075.0,0.0,0.7088428141059719,0.0,0.0,2024-09-05,85603,cba
7904793995831876057,85603,2.0,25.0,0.08,8.0,1.0,2.0,Partially Filled,141080.0,141070.0,141060.0,141080.0,20.0,1.4177358758063374,141080.0,0.0,0.0,-0.7088679379031687,-0.7088679379031687,100.0,-0.7088679379031687,0.7088679379031687,282160.0,1725513628781875543,1725513628623839978,1725513628623839978,0.0,0.0,0.0,0.0,0.0,141070.0,141070.0,0.0,1.4177358758063374,0.0,0.0,2024-09-05,85603,cba
7904793995831876447,85603,2.0,25.0,0.08,8.0,1.0,2.0,Partially Filled,141070.0,141060.0,141050.0,141070.0,20.0,1.417836381681554,141070.0,0.0,0.0,-0.708918190840777,-0.708918190840777,100.0,-0.708918190840777,0.708918190840777,282140.0,1725513631440851874,1725513630606058016,1725513630606058016,0.0,0.0,0.0,0.0,0.0,141060.0,141060.0,0.0,1.417836381681554,0.0,0.0,2024-09-05,85603,cba
7904793995831878554,85603,1.0,25.0,0.04,4.0,1.0,1.0,Partially Filled,141070.0,141055.0,141040.0,141070.0,30.0,2.1268299599447023,141070.0,0.0,0.0,-1.0634149799723511,-1.0634149799723511,100.0,-1.0634149799723511,1.0634149799723511,141070.0,1725513652019106646,1725513652018765141,1725513652018765141,0.0,0.0,0.0,0.0,0.0,141055.0,141055.0,0.0,2.1268299599447023,0.0,0.0,2024-09-05,85603,cba
7904793995831890344,85603,409.0,423.0,0.966903073286052,96.6903073286052,12.0,34.083333333333336,Partially Filled,141082.7628361858,141020.0,141010.0,141030.0,20.0,1.4182385477237271,141080.0,2.762836185807828,0.19583471688459228,-4.450633682159114,-0.550263064739966,627.6283618580783,-4.450633682159114,4.45063368215862,57702850.0,1725513732031309101,1725513725496103834,1725513725812254073,0.0,0.316150239,0.0,0.02874093081818182,0.0,141075.0,141075.0,0.0,0.7088428141059718,1.1102230246251565e-16,0.2759015093379815,2024-09-05,85603,cba
7904793995831890503,85603,8.0,25.0,0.32,32.0,1.0,8.0,Partially Filled,141100.0,141090.0,141080.0,141100.0,20.0,1.41753490679708,141100.0,0.0,0.0,-0.70876745339854,-0.3543711683617421,100.0,-0.70876745339854,0.70876745339854,1128800.0,1725513724042315431,1725513723847626616,1725513723847626616,0.0,0.0,0.0,0.0,0.0,141095.0,141095.0,0.0,0.7087423367234842,0.0,0.0,2024-09-05,85603,cba
7904793995831891577,85603,2.0,20.0,0.1,10.0,1.0,2.0,Partially Filled,141060.0,140945.0,140930.0,140960.0,30.0,2.1284898364610307,141060.0,0.0,0.0,-8.159211039767285,-0.3544716599907838,766.6666666666667,-8.159211039767285,8.159211039767285,282120.0,1725513757001312693,1725513727139724552,1725513727139724552,0.0,0.0,0.0,0.0,0.0,141055.0,141055.0,0.0,0.7089433199815676,0.0,0.0,2024-09-05,85603,cba
7904793995831894048,85603,2.0,25.0,0.08,8.0,1.0,2.0,Partially Filled,140990.0,140985.0,140980.0,140990.0,10.0,0.7092953151044438,140990.0,0.0,0.0,-0.3546476575522219,-1.4187415762218911,100.0,-0.3546476575522219,0.3546476575522219,281980.0,1725513733229422464,1725513733117977289,1725513733117977289,0.0,0.0,0.0,0.0,0.0,140970.0,140970.0,0.0,2.8374831524437822,0.0,0.0,2024-09-05,85603,cba
7904793995831896988,85603,17.0,25.0,0.68,68.0,1.0,17.0,Partially Filled,140960.0,140945.0,140930.0,140960.0,30.0,2.1284898364610307,140960.0,0.0,0.0,-1.0642449182305154,-1.0642449182305154,100.0,-1.0642449182305154,1.0642449182305154,2396320.0,1725513740476368396,1725513738850177785,1725513738850177785,0.0,0.0,0.0,0.0,0.0,140945.0,140945.0,0.0,2.1284898364610307,0.0,0.0,2024-09-05,85603,cba
7904793995831897551,85603,5.0,14.0,0.35714285714285715,35.714285714285715,1.0,5.0,Partially Filled,141090.0,141080.0,141070.0,141090.0,20.0,1.417635384179189,141090.0,0.0,0.0,-0.7088176920895946,-0.7088176920895946,100.0,-0.7088176920895946,0.7088176920895946,705450.0,1725513865007048777,1725513865006892928,1725513865006892928,0.0,0.0,0.0,0.0,0.0,141080.0,141080.0,0.0,1.417635384179189,0.0,0.0,2024-09-05,85603,cba
7904793995831910601,85603,17.0,34.0,0.5,50.0,3.0,5.666666666666667,Partially Filled,141020.0,141035.0,141030.0,141040.0,10.0,0.7090438543623924,141020.0,0.0,0.0,-1.0635657815435884,-0.35454706612302783,300.0,-1.0635657815435884,-1.0635657815435884,2397340.0,1725513832079792288,1725513816632374886,1725513825052496864,0.0,8.420121978,0.0,4.210060989,0.0,141025.0,141025.0,0.0,0.7090941322460557,0.0,0.0,2024-09-05,85603,cba
7904793995831918279,85603,5.0,28.0,0.17857142857142858,17.857142857142858,2.0,2.5,Partially Filled,141070.0,141085.0,141080.0,141090.0,10.0,0.7087925718538469,141070.0,0.0,0.0,-1.0631888577807704,-0.07088428141059719,300.0,-1.0631888577807704,-1.0631888577807704,705350.0,1725513867238696866,1725513864715099818,1725513864715667787,0.0,0.000567969,0.0,0.000567969,0.0,141070.0,141075.0,0.35443396895158436,0.35442140705298597,0.35442140705298597,0.0,2024-09-05,85603,cba
7904793995831920390,85603,11.0,25.0,0.44,44.0,1.0,11.0,Partially Filled,141080.0,141055.0,141040.0,141070.0,30.0,2.1268299599447023,141080.0,0.0,0.0,-1.7723582999539187,-0.7088679379031687,166.66666666666669,-1.7723582999539187,1.7723582999539187,1551880.0,1725513917654821511,1725513881831921842,1725513881831921842,0.0,0.0,0.0,0.0,0.0,141070.0,141070.0,0.0,1.4177358758063374,0.0,0.0,2024-09-05,85603,cba
7904793995831922236,85603,23.0,25.0,0.92,92.0,3.0,7.666666666666667,Partially Filled,141070.0,141055.0,141040.0,141070.0,30.0,2.1268299599447023,141070.0,0.0,0.0,-1.0634149799723511,-0.7859925437077868,100.0,-1.0634149799723511,1.0634149799723511,3244610.0,1725513890725783525,1725513889410965049,1725513890725753991,0.0,1.314788942,0.0,0.657394471,0.0,141065.0,141055.0,-0.7088930634813739,1.6541843277902595,0.668421863189218,0.0,2024-09-05,85603,cba
7904793995831923437,85603,8.0,79.0,0.10126582278481013,10.126582278481013,1.0,8.0,Partially Filled,141050.0,141055.0,141040.0,141070.0,30.0,2.1268299599447023,141050.0,0.0,0.0,-0.3544716599907838,-0.708918190840777,33.33333333333333,-0.3544716599907838,-0.3544716599907838,1128400.0,1725513900667717733,1725513900472277431,1725513900472277431,0.0,0.0,0.0,0.0,0.0,141060.0,141060.0,0.0,1.417836381681554,0.0,0.0,2024-09-05,85603,cba
7904793995831927308,85603,59.0,79.0,0.7468354430379747,74.68354430379746,2.0,29.5,Partially Filled,141080.0,141095.0,141090.0,141100.0,10.0,0.7087423367234842,141080.0,0.0,0.0,-1.0631135050852263,-0.7087674533985401,300.0,-1.0631135050852263,-1.0631135050852263,8323720.0,1725513935566112328,1725513927528530806,1725513934653538807,0.0,7.125008001,0.0,7.125008001,0.0,141090.0,141090.0,0.0,1.41753490679708,0.0,0.0,2024-09-05,85603,cba
7904793995831931065,85603,5.0,30.0,0.16666666666666666,16.666666666666664,1.0,5.0,Partially Filled,141110.0,141085.0,141080.0,141090.0,10.0,0.7087925718538469,141110.0,0.0,0.0,-1.7719814296346175,-0.7087172218284904,500.0,-1.7719814296346175,1.7719814296346175,705550.0,1725513972844198457,1725513959607242105,1725513959607242105,0.0,0.0,0.0,0.0,0.0,141100.0,141100.0,0.0,1.4174344436569808,0.0,0.0,2024-09-05,85603,cba
7904793995831932637,85603,17.0,21.0,0.8095238095238095,80.95238095238095,1.0,17.0,Partially Filled,141080.0,141115.0,141110.0,141120.0,10.0,0.7086418878219891,141080.0,0.0,0.0,-2.4802466073769622,-0.35439628592692346,700.0,-2.4802466073769622,-2.4802466073769622,2398360.0,1725514016667842055,1725513990778143443,1725513990778143443,0.0,0.0,0.0,0.0,0.0,141085.0,141085.0,0.0,0.7087925718538469,0.0,0.0,2024-09-05,85603,cba
7904793995831938219,85603,3.0,4.0,0.75,75.0,1.0,3.0,Partially Filled,141100.0,141115.0,141110.0,141120.0,10.0,0.7086418878219891,141100.0,0.0,0.0,-1.0629628317329838,-0.3543460543566847,300.0,-1.0629628317329838,-1.0629628317329838,423300.0,1725514009363653371,1725513998842815788,1725513998842815788,0.0,0.0,0.0,0.0,0.0,141105.0,141105.0,0.0,0.7086921087133694,0.0,0.0,2024-09-05,85603,cba
7904793995831945655,85603,18.0,22.0,0.8181818181818182,81.81818181818183,1.0,18.0,Partially Filled,141120.0,141145.0,141130.0,141160.0,30.0,2.1254738035353715,141120.0,0.0,0.0,-1.7712281696128096,-1.4170327334561428,166.66666666666669,-1.7712281696128096,-1.7712281696128096,2540160.0,1725514316513250972,1725514311986645039,1725514311986645039,0.0,0.0,0.0,0.0,0.0,141140.0,141140.0,0.0,2.8340654669122856,0.0,0.0,2024-09-05,85603,cba
7904793995831956708,85603,20.0,25.0,0.8,80.0,1.0,20.0,Partially Filled,141080.0,141060.0,141040.0,141080.0,40.0,2.835672763363108,141080.0,0.0,0.0,-1.417836381681554,-1.417836381681554,100.0,-1.417836381681554,1.417836381681554,2821600.0,1725514114659554023,1725514114659389848,1725514114659389848,0.0,0.0,0.0,0.0,0.0,141060.0,141060.0,0.0,2.835672763363108,0.0,0.0,2024-09-05,85603,cba
7904793995831957847,85603,19.0,25.0,0.76,76.0,1.0,19.0,Partially Filled,141050.0,141060.0,141040.0,141080.0,40.0,2.835672763363108,141050.0,0.0,0.0,-0.708918190840777,-1.0633395952220608,50.0,-0.708918190840777,-0.708918190840777,2679950.0,1725514120948721815,1725514120792040414,1725514120792040414,0.0,0.0,0.0,0.0,0.0,141065.0,141065.0,0.0,2.1266791904441216,0.0,0.0,2024-09-05,85603,cba
7904793995831961070,85603,22.0,25.0,0.88,88.0,1.0,22.0,Partially Filled,141040.0,141025.0,141010.0,141040.0,30.0,2.127282396738167,141040.0,0.0,0.0,-1.0636411983690834,-1.0636411983690834,100.0,-1.0636411983690834,1.0636411983690834,3102880.0,1725514138317358341,1725514138317233146,1725514138317233146,0.0,0.0,0.0,0.0,0.0,141025.0,141025.0,0.0,2.127282396738167,0.0,0.0,2024-09-05,85603,cba
7904793995831961616,85603,29.0,19.0,1.5263157894736843,152.63157894736844,2.0,14.5,Fully Filled,141010.0,141020.0,141010.0,141030.0,20.0,1.4182385477237271,141010.0,0.0,0.0,-0.7091192738618636,-0.7091192738618636,100.0,-0.7091192738618636,-0.7091192738618636,4089290.0,1725514157982379444,1725514146290762852,1725514155317053552,0.0,9.0262907,0.0,9.0262907,0.0,141020.0,141020.0,0.0,1.4182385477237271,0.0,0.0,2024-09-05,85603,cba
7904793995831964414,85603,11.0,12.0,0.9166666666666666,91.66666666666666,1.0,11.0,Partially Filled,141010.0,141135.0,141120.0,141150.0,30.0,2.125624402168137,141010.0,0.0,0.0,-8.856768342367237,-0.7091192738618636,833.3333333333334,-8.856768342367237,-8.856768342367237,1551110.0,1725514289685683735,1725514180284438444,1725514180284438444,0.0,0.0,0.0,0.0,0.0,141020.0,141020.0,0.0,1.4182385477237271,0.0,0.0,2024-09-05,85603,cba
7904793995831968300,85603,6.0,25.0,0.24,24.0,1.0,6.0,Partially Filled,141030.0,141035.0,141030.0,141040.0,10.0,0.7090438543623924,141030.0,0.0,0.0,-0.3545219271811962,-0.3545219271811962,100.0,-0.3545219271811962,-0.3545219271811962,846180.0,1725514181420789865,1725514180897434477,1725514180897434477,0.0,0.0,0.0,0.0,0.0,141035.0,141035.0,0.0,0.7090438543623924,0.0,0.0,2024-09-05,85603,cba
7904793995831982809,85603,14.0,24.0,0.5833333333333334,58.333333333333336,3.0,4.666666666666667,Partially Filled,141050.0,141070.0,141060.0,141080.0,20.0,1.4177358758063374,141050.0,0.0,0.0,-1.4177358758063374,-0.6836005814943489,200.0,-1.4177358758063374,-1.4177358758063374,1974700.0,1725514274058112728,1725514267760658299,1725514271237584759,0.0,3.47692646,0.0,1.73846323,0.0,141060.0,141060.0,0.0,1.1815386944482251,0.33417539404276936,0.0,2024-09-05,85603,cba
7904793995831988443,85603,19.0,700.0,0.027142857142857142,2.7142857142857144,1.0,19.0,Partially Filled,141090.0,141140.0,141130.0,141150.0,20.0,1.4170327334561428,141090.0,0.0,0.0,-3.542581833640357,-0.3543711683617421,500.0,-3.542581833640357,-3.542581833640357,2680710.0,1725514294559385800,1725514287020759947,1725514287020759947,0.0,0.0,0.0,0.0,0.0,141095.0,141095.0,0.0,0.7087423367234842,0.0,0.0,2024-09-05,85603,cba
7904793995831990168,85603,8.0,45.0,0.17777777777777778,17.77777777777778,1.0,8.0,Partially Filled,141180.0,141165.0,141150.0,141180.0,30.0,2.12517267027946,141180.0,0.0,0.0,-1.06258633513973,-1.06258633513973,100.0,-1.06258633513973,1.06258633513973,1129440.0,1725514301614347187,1725514296736746576,1725514296736746576,0.0,0.0,0.0,0.0,0.0,141165.0,141165.0,0.0,2.12517267027946,0.0,0.0,2024-09-05,85603,cba
7904793995831993011,85603,15.0,25.0,0.6,60.0,1.0,15.0,Partially Filled,141150.0,141150.0,141140.0,141160.0,20.0,1.4169323414806942,141150.0,0.0,0.0,-0.0,-0.3542456339225619,0.0,-0.0,0.0,2117250.0,1725514308890923447,1725514308713995803,1725514308713995803,0.0,0.0,0.0,0.0,0.0,141145.0,141145.0,0.0,0.7084912678451238,0.0,0.0,2024-09-05,85603,cba
7904793995832005369,85603,16.0,25.0,0.64,64.0,1.0,16.0,Partially Filled,141100.0,141085.0,141070.0,141100.0,30.0,2.126377715561541,141100.0,0.0,0.0,-1.0631888577807704,-1.417635384179189,100.0,-1.0631888577807704,1.0631888577807704,2257600.0,1725514378577536505,1725514378574200111,1725514378574200111,0.0,0.0,0.0,0.0,0.0,141080.0,141080.0,0.0,1.417635384179189,0.0,0.0,2024-09-05,85603,cba
7904793995832006519,85603,10.0,25.0,0.4,40.0,1.0,10.0,Partially Filled,141090.0,141090.0,141080.0,141100.0,20.0,1.41753490679708,141090.0,0.0,0.0,0.0,-0.3543711683617421,0.0,0.0,0.0,1410900.0,1725514383890748702,1725514383874381478,1725514383874381478,0.0,0.0,0.0,0.0,0.0,141095.0,141095.0,0.0,0.7087423367234842,0.0,0.0,2024-09-05,85603,cba
7904793995832007119,85603,12.0,25.0,0.48,48.0,1.0,12.0,Partially Filled,141120.0,141130.0,141120.0,141140.0,20.0,1.417133139658471,141120.0,0.0,0.0,-0.7085665698292355,-0.7085665698292355,100.0,-0.7085665698292355,-0.7085665698292355,1693440.0,1725514386168777840,1725514386168514618,1725514386168514618,0.0,0.0,0.0,0.0,0.0,141130.0,141130.0,0.0,1.417133139658471,0.0,0.0,2024-09-05,85603,cba
7904793995832009785,85603,9.0,75.0,0.12,12.0,1.0,9.0,Partially Filled,141130.0,141170.0,141160.0,141180.0,20.0,1.4167316001983425,141130.0,0.0,0.0,-2.833463200396685,-0.7085163667280714,400.0,-2.833463200396685,-2.833463200396685,1270170.0,1725514416368852035,1725514401661794328,1725514401661794328,0.0,0.0,0.0,0.0,0.0,141140.0,141140.0,0.0,1.4170327334561428,0.0,0.0,2024-09-05,85603,cba
7904793995832010676,85603,33.0,340.0,0.09705882352941177,9.705882352941178,1.0,33.0,Partially Filled,141140.0,141175.0,141170.0,141180.0,10.0,0.7083407118824154,141140.0,0.0,0.0,-2.479192491588454,-1.0626616131203286,700.0,-2.479192491588454,-2.479192491588454,4657620.0,1725514420671463292,1725514412231544666,1725514412231544666,0.0,0.0,0.0,0.0,0.0,141155.0,141155.0,0.0,2.125323226240657,0.0,0.0,2024-09-05,85603,cba
7904793995832013091,85603,19.0,25.0,0.76,76.0,1.0,19.0,Partially Filled,141150.0,141175.0,141160.0,141190.0,30.0,2.1250221356472463,141150.0,0.0,0.0,-1.7708517797060386,-0.7084159818645509,166.66666666666669,-1.7708517797060386,-1.7708517797060386,2681850.0,1725514433284292574,1725514415939302144,1725514415939302144,0.0,0.0,0.0,0.0,0.0,141160.0,141160.0,0.0,1.4168319637291018,0.0,0.0,2024-09-05,85603,cba
7904793995832013835,85603,4.0,76.0,0.05263157894736842,5.263157894736842,1.0,4.0,Partially Filled,141170.0,141200.0,141190.0,141210.0,20.0,1.4164305949008498,141170.0,0.0,0.0,-2.1246458923512748,-0.3541703559412077,300.0,-2.1246458923512748,-2.1246458923512748,564680.0,1725514422467540735,1725514420242828901,1725514420242828901,0.0,0.0,0.0,0.0,0.0,141175.0,141175.0,0.0,0.7083407118824154,0.0,0.0,2024-09-05,85603,cba
7904793995832014136,85603,24.0,33.0,0.7272727272727273,72.72727272727273,1.0,24.0,Partially Filled,141190.0,141200.0,141190.0,141210.0,20.0,1.4164305949008498,141190.0,0.0,0.0,-0.7082152974504249,-0.7082152974504249,100.0,-0.7082152974504249,-0.7082152974504249,3388560.0,1725514424926128861,1725514424480702100,1725514424480702100,0.0,0.0,0.0,0.0,0.0,141200.0,141200.0,0.0,1.4164305949008498,0.0,0.0,2024-09-05,85603,cba
7904793995832015541,85603,25.0,35.0,0.7142857142857143,71.42857142857143,1.0,25.0,Partially Filled,141160.0,141175.0,141170.0,141180.0,10.0,0.7083407118824154,141160.0,0.0,0.0,-1.0625110678236231,-0.35419544504657674,300.0,-1.0625110678236231,-1.0625110678236231,3529000.0,1725514458919280928,1725514451842984499,1725514451842984499,0.0,0.0,0.0,0.0,0.0,141165.0,141165.0,0.0,0.7083908900931535,0.0,0.0,2024-09-05,85603,cba
7904793995832016573,85603,10.0,25.0,0.4,40.0,1.0,10.0,Partially Filled,141200.0,141175.0,141170.0,141180.0,10.0,0.7083407118824154,141200.0,0.0,0.0,-1.7708517797060386,-1.4166312508853944,500.0,-1.7708517797060386,1.7708517797060386,1412000.0,1725514461360192070,1725514435053208320,1725514435053208320,0.0,0.0,0.0,0.0,0.0,141180.0,141180.0,0.0,2.833262501770789,0.0,0.0,2024-09-05,85603,cba
7904793995832035075,85603,2.0,25.0,0.08,8.0,1.0,2.0,Partially Filled,141230.0,141225.0,141220.0,141230.0,10.0,0.7080899274207825,141230.0,0.0,0.0,-0.35404496371039124,-0.35404496371039124,100.0,-0.35404496371039124,0.35404496371039124,282460.0,1725514532420888221,1725514532376112114,1725514532376112114,0.0,0.0,0.0,0.0,0.0,141225.0,141225.0,0.0,0.7080899274207825,0.0,0.0,2024-09-05,85603,cba
7904793995832064737,85603,3.0,74.0,0.04054054054054054,4.054054054054054,1.0,3.0,Partially Filled,141260.0,141265.0,141260.0,141270.0,10.0,0.7078894276713977,141260.0,0.0,0.0,-0.35394471383569887,-0.35394471383569887,100.0,-0.35394471383569887,-0.35394471383569887,423780.0,1725514728397201611,1725514724969041741,1725514724969041741,0.0,0.0,0.0,0.0,0.0,141265.0,141265.0,0.0,0.7078894276713977,0.0,0.0,2024-09-05,85603,cba
7904793995832079613,85603,2.0,25.0,0.08,8.0,1.0,2.0,Partially Filled,141230.0,141230.0,141220.0,141240.0,20.0,1.4161297174821215,141230.0,0.0,0.0,-0.0,-0.35404496371039124,0.0,-0.0,0.0,282460.0,1725514808551590004,1725514808540653048,1725514808540653048,0.0,0.0,0.0,0.0,0.0,141225.0,141225.0,0.0,0.7080899274207825,0.0,0.0,2024-09-05,85603,cba
7904793995832079969,85603,2.0,40.0,0.05,5.0,1.0,2.0,Partially Filled,141230.0,141215.0,141210.0,141220.0,10.0,0.708140070105867,141230.0,0.0,0.0,-1.0622101051588004,-0.35404496371039124,300.0,-1.0622101051588004,1.0622101051588004,282460.0,1725514836040522185,1725514810087605372,1725514810087605372,0.0,0.0,0.0,0.0,0.0,141225.0,141225.0,0.0,0.7080899274207825,0.0,0.0,2024-09-05,85603,cba
7904793995832080097,85603,5.0,25.0,0.2,20.0,2.0,2.5,Partially Filled,141220.0,141210.0,141200.0,141220.0,20.0,1.4163302882232138,141220.0,0.0,0.0,-0.7081651441116069,-0.4248890568646682,100.0,-0.7081651441116069,0.7081651441116069,706100.0,1725514811641700147,1725514810283311295,1725514811598454100,0.0,1.315142805,0.0,1.315142805,0.0,141215.0,141210.0,-0.3540700350529335,1.0622351791645404,0.3540951090586734,0.0,2024-09-05,85603,cba
7904793995832091191,85603,135.0,705.0,0.19148936170212766,19.148936170212767,4.0,33.75,Partially Filled,141210.07407407407,141205.0,141200.0,141210.0,10.0,0.7081902198930633,141210.0,0.07407407407299615,0.005245667734083716,-0.35934096342714467,-0.005245667734160051,101.48148148145992,-0.35934096342714467,0.359340963427221,19063360.0,1725514865565049951,1725514863370020802,1725514863370020802,0.0,0.0,0.0,0.0,0.0,141210.0,141210.0,0.0,0.0,0.0,0.17704119315797423,2024-09-05,85603,cba
7904793995832094248,85603,8.0,25.0,0.32,32.0,1.0,8.0,Partially Filled,141240.0,141225.0,141210.0,141240.0,30.0,2.1242697822623473,141240.0,0.0,0.0,-1.0621348911311737,-1.0621348911311737,100.0,-1.0621348911311737,1.0621348911311737,1129920.0,1725514877131254559,1725514877131073131,1725514877131073131,0.0,0.0,0.0,0.0,0.0,141225.0,141225.0,0.0,2.1242697822623473,0.0,0.0,2024-09-05,85603,cba
7904793995832096385,85603,16.0,25.0,0.64,64.0,1.0,16.0,Partially Filled,141230.0,141250.0,141240.0,141260.0,20.0,1.415929203539823,141230.0,0.0,0.0,-1.415929203539823,-1.0619844950263726,200.0,-1.415929203539823,-1.415929203539823,2259680.0,1725514895657081365,1725514890084647248,1725514890084647248,0.0,0.0,0.0,0.0,0.0,141245.0,141245.0,0.0,2.123968990052745,0.0,0.0,2024-09-05,85603,cba
7904793995832101766,85603,53.0,430.0,0.12325581395348838,12.325581395348838,1.0,53.0,Partially Filled,141210.0,141195.0,141190.0,141200.0,10.0,0.7082403767838805,141210.0,0.0,0.0,-1.0623605651758208,-0.7082152974504249,300.0,-1.0623605651758208,1.0623605651758208,7484130.0,1725514931362121386,1725514923938729489,1725514923938729489,0.0,0.0,0.0,0.0,0.0,141200.0,141200.0,0.0,1.4164305949008498,0.0,0.0,2024-09-05,85603,cba
7904793995832103886,85603,16.0,74.0,0.21621621621621623,21.62162162162162,1.0,16.0,Partially Filled,141190.0,141210.0,141200.0,141220.0,20.0,1.4163302882232138,141190.0,0.0,0.0,-1.4163302882232138,-1.062285329839595,200.0,-1.4163302882232138,-1.4163302882232138,2259040.0,1725514939191957673,1725514936952877648,1725514936952877648,0.0,0.0,0.0,0.0,0.0,141205.0,141205.0,0.0,2.12457065967919,0.0,0.0,2024-09-05,85603,cba
7904793995832104747,85603,25.0,26.0,0.9615384615384616,96.15384615384616,1.0,25.0,Partially Filled,141190.0,141220.0,141210.0,141230.0,20.0,1.41622999575131,141190.0,0.0,0.0,-2.124344993626965,-0.35412018839194026,300.0,-2.124344993626965,-2.124344993626965,3529750.0,1725514968000934943,1725514951619188925,1725514951619188925,0.0,0.0,0.0,0.0,0.0,141195.0,141195.0,0.0,0.7082403767838805,0.0,0.0,2024-09-05,85603,cba
7904793995832105410,85603,7.0,15.0,0.4666666666666667,46.666666666666664,1.0,7.0,Partially Filled,141230.0,141210.0,141200.0,141220.0,20.0,1.4163302882232138,141230.0,0.0,0.0,-1.4163302882232138,-1.0622101051588004,200.0,-1.4163302882232138,1.4163302882232138,988610.0,1725514946864528634,1725514944633421073,1725514944633421073,0.0,0.0,0.0,0.0,0.0,141215.0,141215.0,0.0,2.124420210317601,0.0,0.0,2024-09-05,85603,cba
7904793995832110627,85603,11.0,24.0,0.4583333333333333,45.83333333333333,1.0,11.0,Partially Filled,141190.0,141195.0,141190.0,141200.0,10.0,0.7082403767838805,141190.0,0.0,0.0,-0.35412018839194026,-0.35412018839194026,100.0,-0.35412018839194026,-0.35412018839194026,1553090.0,1725515100646673873,1725515100646129468,1725515100646129468,0.0,0.0,0.0,0.0,0.0,141195.0,141195.0,0.0,0.7082403767838805,0.0,0.0,2024-09-05,85603,cba
7904793995832111220,85603,1.0,25.0,0.04,4.0,1.0,1.0,Partially Filled,141210.0,141235.0,141220.0,141250.0,30.0,2.1241193755089034,141210.0,0.0,0.0,-1.770099479590753,-2.1240441801189465,166.66666666666669,-1.770099479590753,-1.770099479590753,141210.0,1725514975110815667,1725514975110612445,1725514975110612445,0.0,0.0,0.0,0.0,0.0,141240.0,141240.0,0.0,2.832058906825262,0.0,0.0,2024-09-05,85603,cba
7904793995832111228,85603,12.0,25.0,0.48,48.0,1.0,12.0,Partially Filled,141220.0,141240.0,141220.0,141260.0,40.0,2.832058906825262,141220.0,0.0,0.0,-1.416029453412631,-1.416029453412631,100.0,-1.416029453412631,-1.416029453412631,1694640.0,1725514974609079254,1725514974608943266,1725514974608943266,0.0,0.0,0.0,0.0,0.0,141240.0,141240.0,0.0,2.832058906825262,0.0,0.0,2024-09-05,85603,cba
7904793995832111446,85603,4.0,25.0,0.16,16.0,1.0,4.0,Partially Filled,141260.0,141245.0,141220.0,141270.0,50.0,3.5399483167545758,141260.0,0.0,0.0,-1.0619844950263726,-1.416029453412631,60.0,-1.0619844950263726,1.0619844950263726,565040.0,1725514974927381281,1725514974927219484,1725514974927219484,0.0,0.0,0.0,0.0,0.0,141240.0,141240.0,0.0,2.832058906825262,0.0,0.0,2024-09-05,85603,cba
7904793995832111574,85603,23.0,25.0,0.92,92.0,1.0,23.0,Partially Filled,141220.0,141240.0,141220.0,141260.0,40.0,2.832058906825262,141220.0,0.0,0.0,-1.416029453412631,-1.4160294534126308,100.0,-1.416029453412631,-1.416029453412631,3248060.0,1725514975095623439,1725514975095446442,1725514975095446442,0.0,0.0,0.0,0.0,0.0,141240.0,141240.0,0.0,2.832058906825262,0.0,0.0,2024-09-05,85603,cba
7904793995832111737,85603,2.0,25.0,0.08,8.0,1.0,2.0,Partially Filled,141240.0,141230.0,141210.0,141250.0,40.0,2.832259434964243,141240.0,0.0,0.0,-0.7080648587410607,-1.0621348911311737,50.0,-0.7080648587410607,0.7080648587410607,282480.0,1725514975174623260,1725514975174377385,1725514975174377385,0.0,0.0,0.0,0.0,0.0,141225.0,141225.0,0.0,2.1242697822623473,0.0,0.0,2024-09-05,85603,cba
7904793995832114687,85603,3.0,15.0,0.2,20.0,1.0,3.0,Partially Filled,141220.0,141215.0,141210.0,141220.0,10.0,0.708140070105867,141220.0,0.0,0.0,-0.3540700350529335,-0.3540700350529335,100.0,-0.3540700350529335,0.3540700350529335,423660.0,1725514997987448649,1725514995624139092,1725514995624139092,0.0,0.0,0.0,0.0,0.0,141215.0,141215.0,0.0,0.708140070105867,0.0,0.0,2024-09-05,85603,cba
7904793995832115591,85603,16.0,23.0,0.6956521739130435,69.56521739130434,1.0,16.0,Partially Filled,141180.0,141190.0,141180.0,141200.0,20.0,1.416530915787237,141180.0,0.0,0.0,-0.7082654578936185,-0.7082654578936185,100.0,-0.7082654578936185,-0.7082654578936185,2258880.0,1725515101819791460,1725515101819631712,1725515101819631712,0.0,0.0,0.0,0.0,0.0,141190.0,141190.0,0.0,1.416530915787237,0.0,0.0,2024-09-05,85603,cba
7904793995832117300,85603,16.0,26.0,0.6153846153846154,61.53846153846154,1.0,16.0,Partially Filled,141220.0,141260.0,141250.0,141270.0,20.0,1.4158289678606824,141220.0,0.0,0.0,-2.8316579357213647,-0.35404496371039124,400.0,-2.8316579357213647,-2.8316579357213647,2259520.0,1725515023348425527,1725515012446040841,1725515012446040841,0.0,0.0,0.0,0.0,0.0,141225.0,141225.0,0.0,0.7080899274207825,0.0,0.0,2024-09-05,85603,cba
7904793995832121869,85603,4.0,25.0,0.16,16.0,2.0,2.0,Partially Filled,141240.0,141235.0,141230.0,141240.0,10.0,0.7080397918363012,141240.0,0.0,0.0,-0.3540198959181506,-0.7080648587410607,100.0,-0.3540198959181506,0.3540198959181506,564960.0,1725515030938891404,1725515030823737525,1725515030925358634,0.0,0.101621109,0.0,0.101621109,0.0,141230.0,141230.0,0.0,1.4161297174821215,0.0,0.0,2024-09-05,85603,cba
7904793995832125664,85603,1.0,25.0,0.04,4.0,1.0,1.0,Partially Filled,141230.0,141225.0,141220.0,141230.0,10.0,0.7080899274207825,141230.0,0.0,0.0,-0.35404496371039124,-0.35404496371039124,100.0,-0.35404496371039124,0.35404496371039124,141230.0,1725515055538086411,1725515055537941949,1725515055537941949,0.0,0.0,0.0,0.0,0.0,141225.0,141225.0,0.0,0.7080899274207825,0.0,0.0,2024-09-05,85603,cba
7904793995832129833,85603,8.0,27.0,0.2962962962962963,29.629629629629626,1.0,8.0,Partially Filled,141230.0,141165.0,141160.0,141170.0,10.0,0.7083908900931535,141230.0,0.0,0.0,-4.604540785605497,-0.35404496371039124,1300.0,-4.604540785605497,4.604540785605497,1129840.0,1725515110040529291,1725515088877117981,1725515088877117981,0.0,0.0,0.0,0.0,0.0,141225.0,141225.0,0.0,0.7080899274207825,0.0,0.0,2024-09-05,85603,cba
7904793995832131379,85603,118.0,564.0,0.20921985815602837,20.921985815602838,7.0,16.857142857142858,Partially Filled,141220.0,141195.0,141190.0,141200.0,10.0,0.7082403767838805,141220.0,0.0,0.0,-1.770600941959701,-0.13502670828289837,500.0,-1.770600941959701,1.770600941959701,16663960.0,1725515100646383968,1725515093583868827,1725515093843624647,0.0,0.25975582,0.0,0.04329263666666667,0.0,141220.0,141215.0,-0.3540574989378275,0.20232573431596199,0.3199050748522647,0.0,2024-09-05,85603,cba
7904793995832132410,85603,19.0,25.0,0.76,76.0,3.0,6.333333333333333,Partially Filled,141190.0,141190.0,141180.0,141200.0,20.0,1.416530915787237,141190.0,0.0,0.0,-0.0,-0.35414527038991384,0.0,-0.0,0.0,2682610.0,1725515100759167581,1725515100700691258,1725515100759059019,0.0,0.058367761,0.0,0.0291838805,0.0,141185.0,141185.0,0.0,0.7082905407798278,0.0,0.0,2024-09-05,85603,cba
7904793995832134901,85603,26.0,27.0,0.9629629629629629,96.29629629629629,1.0,26.0,Partially Filled,141120.0,141145.0,141140.0,141150.0,10.0,0.7084912678451238,141120.0,0.0,0.0,-1.7712281696128096,-1.0628122010840686,500.0,-1.7712281696128096,-1.7712281696128096,3669120.0,1725515133158912434,1725515130583435265,1725515130583435265,0.0,0.0,0.0,0.0,0.0,141135.0,141135.0,0.0,2.125624402168137,0.0,0.0,2024-09-05,85603,cba
7904793995832148447,85603,13.0,43.0,0.3023255813953488,30.23255813953488,1.0,13.0,Partially Filled,141090.0,141095.0,141090.0,141100.0,10.0,0.7087423367234842,141090.0,0.0,0.0,-0.3543711683617421,-1.0630381630700543,100.0,-0.3543711683617421,-0.3543711683617421,1834170.0,1725515186174377466,1725515185649448222,1725515185649448222,0.0,0.0,0.0,0.0,0.0,141105.0,141105.0,0.0,2.1260763261401086,0.0,0.0,2024-09-05,85603,cba
7904793995832151350,85603,8.0,25.0,0.32,32.0,1.0,8.0,Partially Filled,141090.0,141105.0,141090.0,141120.0,30.0,2.1260763261401086,141090.0,0.0,0.0,-1.0630381630700543,-1.0630381630700543,100.0,-1.0630381630700543,-1.0630381630700543,1128720.0,1725515204636605737,1725515204636362919,1725515204636362919,0.0,0.0,0.0,0.0,0.0,141105.0,141105.0,0.0,2.1260763261401086,0.0,0.0,2024-09-05,85603,cba
7904793995832156379,85603,16.0,25.0,0.64,64.0,1.0,16.0,Partially Filled,141120.0,141105.0,141080.0,141130.0,50.0,3.5434605435668476,141120.0,0.0,0.0,-1.0630381630700543,-1.4174344436569808,60.0,-1.0630381630700543,1.0630381630700543,2257920.0,1725515239575868714,1725515239575682362,1725515239575682362,0.0,0.0,0.0,0.0,0.0,141100.0,141100.0,0.0,2.8348688873139616,0.0,0.0,2024-09-05,85603,cba
7904793995832158211,85603,20.0,31.0,0.6451612903225806,64.51612903225806,2.0,10.0,Partially Filled,141090.0,141055.0,141050.0,141060.0,10.0,0.7089433199815676,141090.0,0.0,0.0,-2.4813016199354863,-0.35439628592692346,700.0,-2.4813016199354863,2.4813016199354863,2821800.0,1725515274040533577,1725515248802346464,1725515265421981904,0.0,16.61963544,0.0,16.61963544,0.0,141085.0,141085.0,0.0,0.7087925718538469,0.0,0.0,2024-09-05,85603,cba
7904793995832161893,85603,27.0,541.0,0.04990757855822551,4.990757855822551,1.0,27.0,Partially Filled,141080.0,141065.0,141060.0,141070.0,10.0,0.7088930634813739,141080.0,0.0,0.0,-1.0633395952220608,-0.7088679379031687,300.0,-1.0633395952220608,1.0633395952220608,3809160.0,1725515272590738649,1725515270697159587,1725515270697159587,0.0,0.0,0.0,0.0,0.0,141070.0,141070.0,0.0,1.4177358758063374,0.0,0.0,2024-09-05,85603,cba
7904793995832162534,85603,585.0,769.0,0.7607282184655396,76.07282184655396,16.0,36.5625,Partially Filled,141062.46153846153,141055.0,141050.0,141060.0,10.0,0.7089433199815676,141060.0,2.4615384615317453,0.17450293928340743,-0.5289807849088473,-0.5289807849093234,149.2307692306349,-0.5289807849088473,0.5289807849093234,82521540.0,1725515273590247231,1725515272643042991,1725515273067657630,0.0,0.424614639,0.0,0.028307642600000002,0.0,141055.0,141055.0,0.0,0.7089433199815676,0.0,0.08861322752823081,2024-09-05,85603,cba
7904793995832166773,85603,5.0,25.0,0.2,20.0,1.0,5.0,Partially Filled,141060.0,141065.0,141060.0,141070.0,10.0,0.7088930634813739,141060.0,0.0,0.0,-0.35444653174068697,-1.063264221158958,100.0,-0.35444653174068697,-0.35444653174068697,705300.0,1725515295721788475,1725515295485051337,1725515295485051337,0.0,0.0,0.0,0.0,0.0,141075.0,141075.0,0.0,2.126528442317916,0.0,0.0,2024-09-05,85603,cba
7904793995832170310,85603,6.0,25.0,0.24,24.0,1.0,6.0,Partially Filled,141075.0,141065.0,141060.0,141070.0,10.0,0.7088930634813739,141070.0,5.0,0.35443396895158436,-0.7088930634813739,-0.35443396895158436,200.0,-0.7088930634813739,0.7088930634813739,846450.0,1725515314683110283,1725515314606066118,1725515314606066118,0.0,0.0,0.0,0.0,0.0,141070.0,141070.0,0.0,0.0,0.0,0.0,2024-09-05,85603,cba
7904793995832170626,85603,5.0,16.0,0.3125,31.25,1.0,5.0,Partially Filled,141070.0,141025.0,141020.0,141030.0,10.0,0.7090941322460557,141070.0,0.0,0.0,-3.1909235951072503,-0.35444653174068697,900.0,-3.1909235951072503,3.1909235951072503,705350.0,1725515347041531438,1725515317040550121,1725515317040550121,0.0,0.0,0.0,0.0,0.0,141065.0,141065.0,0.0,0.7088930634813739,0.0,0.0,2024-09-05,85603,cba
7904793995832170706,85603,211.0,352.0,0.5994318181818182,59.94318181818182,8.0,26.375,Partially Filled,141060.30805687205,141055.0,141050.0,141060.0,10.0,0.7089433199815676,141060.0,0.30805687204701826,0.02183871204076409,-0.37631114615199873,-0.37631114615135336,106.16113744094035,-0.37631114615199873,0.37631114615260497,29763725.0,1725515319593579305,1725515317546423189,1725515317624943477,0.0,0.078520288,0.0,0.011217184,0.0,141055.0,141055.0,0.0,0.7089433199815676,0.0,0.12531994132989194,2024-09-05,85603,cba
7904793995832183683,85603,3.0,25.0,0.12,12.0,1.0,3.0,Partially Filled,141010.0,140985.0,140970.0,141000.0,30.0,2.127885945313331,141010.0,0.0,0.0,-1.7732382877611093,-1.418540322008653,166.66666666666669,-1.7732382877611093,1.7732382877611093,423030.0,1725515396399348360,1725515387430222276,1725515387430222276,0.0,0.0,0.0,0.0,0.0,140990.0,140990.0,0.0,2.837080644017306,0.0,0.0,2024-09-05,85603,cba
7904793995832184217,85603,6.0,25.0,0.24,24.0,1.0,6.0,Partially Filled,140970.0,140990.0,140970.0,141010.0,40.0,2.837080644017306,140970.0,0.0,0.0,-1.418540322008653,-1.418540322008653,100.0,-1.418540322008653,-1.418540322008653,845820.0,1725515388423897504,1725515388423728492,1725515388423728492,0.0,0.0,0.0,0.0,0.0,140990.0,140990.0,0.0,2.837080644017306,0.0,0.0,2024-09-05,85603,cba
7904793995832193906,85603,9.0,22.0,0.4090909090909091,40.909090909090914,1.0,9.0,Partially Filled,141030.0,141085.0,141080.0,141090.0,10.0,0.7087925718538469,141080.0,50.0,3.5440884604479725,-3.8983591451961583,0.0,1100.0,-3.8983591451961583,-3.8983591451961583,1269270.0,1725515465319075723,1725515434173051513,1725515434173051513,0.0,0.0,0.0,0.0,0.0,141030.0,141030.0,0.0,0.0,0.0,0.0,2024-09-05,85603,cba
7904793995832200065,85603,12.0,25.0,0.48,48.0,1.0,12.0,Partially Filled,141080.0,141080.0,141070.0,141090.0,20.0,1.417635384179189,141080.0,0.0,0.0,-0.0,-0.354421407052986,0.0,-0.0,0.0,1692960.0,1725515461808937966,1725515461796988625,1725515461796988625,0.0,0.0,0.0,0.0,0.0,141075.0,141075.0,0.0,0.7088428141059719,0.0,0.0,2024-09-05,85603,cba
7904793995832205599,85603,224.0,282.0,0.7943262411347518,79.43262411347519,9.0,24.88888888888889,Partially Filled,141070.0,141045.0,141040.0,141050.0,10.0,0.7089935836080684,141070.0,0.0,0.0,-1.7724839590201709,0.0,500.0,-1.7724839590201709,1.7724839590201709,31599680.0,1725515496585303829,1725515488472280538,1725515488472280538,0.0,0.0,0.0,0.0,0.0,141070.0,141070.0,0.0,0.0,0.0,0.0,2024-09-05,85603,cba
7904793995832206137,85603,334.0,1128.0,0.29609929078014185,29.609929078014186,8.0,41.75,Partially Filled,141050.0,141040.0,141030.0,141050.0,20.0,1.4180374361883155,141050.0,0.0,0.0,-0.7090187180941577,-0.7759003826751718,100.0,-0.7090187180941577,0.7090187180941577,47110700.0,1725515513604977208,1725515493431519008,1725515510721371114,0.0,17.289852106,0.0,2.4699788722857146,0.0,141045.0,141040.0,-0.3544967918040342,0.8862608305974207,0.30702136681535597,0.0,2024-09-05,85603,cba
7904793995832210136,85603,3.0,25.0,0.12,12.0,1.0,3.0,Partially Filled,141040.0,141035.0,141030.0,141040.0,10.0,0.7090438543623924,141040.0,0.0,0.0,-0.3545219271811962,-0.3545219271811962,100.0,-0.3545219271811962,0.3545219271811962,423120.0,1725515508704577607,1725515508626464777,1725515508626464777,0.0,0.0,0.0,0.0,0.0,141035.0,141035.0,0.0,0.7090438543623924,0.0,0.0,2024-09-05,85603,cba
7904793995832218890,85603,8.0,15.0,0.5333333333333333,53.333333333333336,1.0,8.0,Partially Filled,141020.0,141020.0,141010.0,141030.0,20.0,1.4182385477237271,141020.0,0.0,0.0,-0.0,-0.35457220863028754,0.0,-0.0,0.0,1128160.0,1725515554181505594,1725515551532659200,1725515551532659200,0.0,0.0,0.0,0.0,0.0,141015.0,141015.0,0.0,0.7091444172605751,0.0,0.0,2024-09-05,85603,cba
7904793995832233655,85603,190.0,254.0,0.7480314960629921,74.80314960629921,6.0,31.666666666666668,Partially Filled,141040.13157894736,141035.0,141030.0,141040.0,10.0,0.7090438543623924,141040.0,0.13157894735923037,0.009329193658482017,-0.36385145158004967,-0.36385145158070137,102.6315789471846,-0.36385145158004967,0.3638514515807013,26797625.0,1725515634321523411,1725515626204817396,1725515632714457250,0.0,6.509639854,0.0,1.3019279708,0.0,141035.0,141035.0,0.0,0.7090438543623924,0.0,0.14472770476513125,2024-09-05,85603,cba
7904793995832239900,85603,14.0,22.0,0.6363636363636364,63.63636363636363,2.0,7.0,Partially Filled,141070.0,141085.0,141080.0,141090.0,10.0,0.7087925718538469,141070.0,0.0,0.0,-1.0631888577807704,-0.35442140705298597,300.0,-1.0631888577807704,-1.0631888577807704,1974980.0,1725515672261462515,1725515659370179218,1725515662551414527,0.0,3.181235309,0.0,3.181235309,0.0,141075.0,141075.0,0.0,0.7088428141059719,0.0,0.0,2024-09-05,85603,cba
7904793995832243359,85603,11.0,25.0,0.44,44.0,1.0,11.0,Partially Filled,141080.0,141080.0,141070.0,141090.0,20.0,1.417635384179189,141080.0,0.0,0.0,-0.0,-0.35442140705298597,0.0,-0.0,0.0,1551880.0,1725515677079053924,1725515677078925104,1725515677078925104,0.0,0.0,0.0,0.0,0.0,141075.0,141075.0,0.0,0.7088428141059719,0.0,0.0,2024-09-05,85603,cba
7904793995832243742,85603,16.0,25.0,0.64,64.0,1.0,16.0,Partially Filled,141080.0,141075.0,141070.0,141080.0,10.0,0.7088428141059719,141080.0,0.0,0.0,-0.35442140705298597,-0.35442140705298597,100.0,-0.35442140705298597,0.35442140705298597,2257280.0,1725515679001278419,1725515679001153750,1725515679001153750,0.0,0.0,0.0,0.0,0.0,141075.0,141075.0,0.0,0.7088428141059719,0.0,0.0,2024-09-05,85603,cba
7904793995832245890,85603,76.0,424.0,0.1792452830188679,17.92452830188679,2.0,38.0,Partially Filled,141060.0,141050.0,141040.0,141060.0,20.0,1.4179369018078696,141060.0,0.0,0.0,-0.7089684509039348,-0.7089684509039348,100.0,-0.7089684509039348,0.7089684509039348,10720560.0,1725515689615938659,1725515687862777214,1725515688199754348,0.0,0.336977134,0.0,0.336977134,0.0,141050.0,141050.0,0.0,1.4179369018078696,0.0,0.0,2024-09-05,85603,cba
7904793995832245937,85603,46.0,50.0,0.92,92.0,2.0,23.0,Partially Filled,141050.0,141050.0,141040.0,141060.0,20.0,1.4179369018078696,141050.0,0.0,0.0,-0.0,-0.3544967918040342,0.0,-0.0,0.0,6488300.0,1725515687859782513,1725515687795518163,1725515687859651553,0.0,0.06413339,0.0,0.06413339,0.0,141045.0,141045.0,0.0,0.7089935836080684,0.0,0.0,2024-09-05,85603,cba
7904793995832246510,85603,155.0,413.0,0.37530266343825663,37.530266343825666,9.0,17.22222222222222,Partially Filled,141040.0,141035.0,141030.0,141040.0,10.0,0.7090438543623924,141040.0,0.0,0.0,-0.3545219271811962,-0.05946819423684581,100.0,-0.3545219271811962,0.3545219271811962,21861200.0,1725515693616282799,1725515689667810120,1725515690531099673,0.0,0.863289553,0.0,0.107911194125,0.0,141040.0,141035.0,-0.35450935904707886,0.07878265048471027,0.2228309855903531,0.0,2024-09-05,85603,cba
7904793995832250179,85603,8.0,25.0,0.32,32.0,1.0,8.0,Partially Filled,141030.0,141045.0,141030.0,141060.0,30.0,2.126980750824205,141030.0,0.0,0.0,-1.0634903754121026,-1.0634903754121026,100.0,-1.0634903754121026,-1.0634903754121026,1128240.0,1725515705515500908,1725515705515343300,1725515705515343300,0.0,0.0,0.0,0.0,0.0,141045.0,141045.0,0.0,2.126980750824205,0.0,0.0,2024-09-05,85603,cba
7904793995832250250,85603,6.0,25.0,0.24,24.0,1.0,6.0,Partially Filled,141040.0,141045.0,141030.0,141060.0,30.0,2.126980750824205,141040.0,0.0,0.0,-0.3544967918040342,-0.7089684509039348,33.33333333333333,-0.3544967918040342,-0.3544967918040342,846240.0,1725515704687843123,1725515704593224222,1725515704593224222,0.0,0.0,0.0,0.0,0.0,141050.0,141050.0,0.0,1.4179369018078696,0.0,0.0,2024-09-05,85603,cba
7904793995832253485,85603,6.0,13.0,0.46153846153846156,46.15384615384615,1.0,6.0,Partially Filled,141030.0,141065.0,141060.0,141070.0,10.0,0.7088930634813739,141030.0,0.0,0.0,-2.4811257221848084,-0.3545219271811962,700.0,-2.4811257221848084,-2.4811257221848084,846180.0,1725515754601024359,1725515737706039919,1725515737706039919,0.0,0.0,0.0,0.0,0.0,141035.0,141035.0,0.0,0.7090438543623924,0.0,0.0,2024-09-05,85603,cba
7904793995832266940,85603,5.0,8.0,0.625,62.5,1.0,5.0,Partially Filled,141040.0,141045.0,141040.0,141050.0,10.0,0.7089935836080684,141040.0,0.0,0.0,-0.3544967918040342,-0.3544967918040342,100.0,-0.3544967918040342,-0.3544967918040342,705200.0,1725515797559348981,1725515797553568884,1725515797553568884,0.0,0.0,0.0,0.0,0.0,141045.0,141045.0,0.0,0.7089935836080684,0.0,0.0,2024-09-05,85603,cba
7904793995832269896,85603,7.0,10.0,0.7,70.0,1.0,7.0,Partially Filled,141040.0,141045.0,141040.0,141050.0,10.0,0.7089935836080684,141040.0,0.0,0.0,-0.3544967918040342,-0.3544967918040342,100.0,-0.3544967918040342,-0.3544967918040342,987280.0,1725515801273338219,1725515799872069584,1725515799872069584,0.0,0.0,0.0,0.0,0.0,141045.0,141045.0,0.0,0.7089935836080684,0.0,0.0,2024-09-05,85603,cba
7904793995832275004,85603,35.0,50.0,0.7,70.0,2.0,17.5,Partially Filled,141040.0,141035.0,141030.0,141040.0,10.0,0.7090438543623924,141040.0,0.0,0.0,-0.3545219271811962,-0.3545219271811962,100.0,-0.3545219271811962,0.3545219271811962,4936400.0,1725515809564704210,1725515809562486970,1725515809562486970,0.0,0.0,0.0,0.0,0.0,141035.0,141035.0,0.0,0.7090438543623924,0.0,0.0,2024-09-05,85603,cba
7904793995832278409,85603,6.0,50.0,0.12,12.0,1.0,6.0,Partially Filled,141015.0,141035.0,141030.0,141040.0,10.0,0.7090438543623924,141020.0,5.0,0.3545596369309318,-1.4180877087247847,-0.3545596369309318,400.0,-1.4180877087247847,-1.4180877087247847,846090.0,1725515823700050525,1725515822122349460,1725515822122349460,0.0,0.0,0.0,0.0,0.0,141020.0,141020.0,0.0,0.0,0.0,0.0,2024-09-05,85603,cba
7904793995832278438,85603,40.0,50.0,0.8,80.0,1.0,40.0,Partially Filled,141030.0,141030.0,141020.0,141040.0,20.0,1.4181379848259235,141030.0,0.0,0.0,0.0,-0.3545219271811962,0.0,0.0,0.0,5641200.0,1725515822247303267,1725515822247175253,1725515822247175253,0.0,0.0,0.0,0.0,0.0,141035.0,141035.0,0.0,0.7090438543623924,0.0,0.0,2024-09-05,85603,cba
7904793995832281118,85603,25.0,26.0,0.9615384615384616,96.15384615384616,1.0,25.0,Partially Filled,141040.0,141030.0,141020.0,141040.0,20.0,1.4181379848259235,141040.0,0.0,0.0,-0.7090689924129617,-0.7090689924129617,100.0,-0.7090689924129617,0.7090689924129617,3526000.0,1725515838428362724,1725515834602553465,1725515834602553465,0.0,0.0,0.0,0.0,0.0,141030.0,141030.0,0.0,1.4181379848259235,0.0,0.0,2024-09-05,85603,cba
7904793995832283139,85603,37.0,50.0,0.74,74.0,1.0,37.0,Partially Filled,141030.0,141040.0,141030.0,141050.0,20.0,1.4180374361883155,141030.0,0.0,0.0,-0.7090187180941577,-0.7090187180941577,100.0,-0.7090187180941577,-0.7090187180941577,5218110.0,1725515846228909223,1725515846228708208,1725515846228708208,0.0,0.0,0.0,0.0,0.0,141040.0,141040.0,0.0,1.4180374361883155,0.0,0.0,2024-09-05,85603,cba
7904793995832284696,85603,67.0,500.0,0.134,13.4,1.0,67.0,Partially Filled,141040.0,141080.0,141070.0,141090.0,20.0,1.417635384179189,141040.0,0.0,0.0,-2.835270768358378,-0.3544967918040342,400.0,-2.835270768358378,-2.835270768358378,9449680.0,1725515855768576916,1725515848014006575,1725515848014006575,0.0,0.0,0.0,0.0,0.0,141045.0,141045.0,0.0,0.7089935836080684,0.0,0.0,2024-09-05,85603,cba
7904793995832286871,85603,10.0,11.0,0.9090909090909091,90.9090909090909,2.0,5.0,Partially Filled,141080.0,141085.0,141080.0,141090.0,10.0,0.7087925718538469,141080.0,0.0,0.0,-0.35439628592692346,-0.35439628592692346,100.0,-0.35439628592692346,-0.35439628592692346,1410800.0,1725515856041478269,1725515856030869812,1725515856038864245,0.0,0.007994433,0.0,0.007994433,0.0,141085.0,141085.0,0.0,0.7087925718538469,0.0,0.0,2024-09-05,85603,cba
7904793995832292985,85603,18.0,23.0,0.782608695652174,78.26086956521739,2.0,9.0,Partially Filled,141080.0,141075.0,141070.0,141080.0,10.0,0.7088428141059719,141080.0,0.0,0.0,-0.35442140705298597,-0.35442140705298597,100.0,-0.35442140705298597,0.35442140705298597,2539440.0,1725515884855436352,1725515879826748818,1725515881131953620,0.0,1.305204802,0.0,1.305204802,0.0,141075.0,141075.0,0.0,0.7088428141059719,0.0,0.0,2024-09-05,85603,cba
7904793995832294035,85603,5.0,50.0,0.1,10.0,2.0,2.5,Partially Filled,141070.0,141070.0,141060.0,141080.0,20.0,1.4177358758063374,141070.0,0.0,0.0,-0.0,-0.0708893063481374,0.0,-0.0,0.0,705350.0,1725515882103357207,1725515882100272512,1725515882100722905,0.0,0.000450393,0.0,0.000450393,0.0,141070.0,141065.0,-0.35443396895158436,0.35444653174068697,0.35444653174068697,0.0,2024-09-05,85603,cba
7904793995832302388,85603,175.0,282.0,0.6205673758865248,62.056737588652474,12.0,14.583333333333334,Partially Filled,141040.0,141020.0,141010.0,141030.0,20.0,1.4182385477237271,141040.0,0.0,0.0,-1.4182385477237271,-0.0607773422068253,200.0,-1.4182385477237271,1.4182385477237271,24682000.0,1725515917651112882,1725515909610311870,1725515914804347322,0.0,5.194035452,0.0,0.47218504109090903,0.0,141040.0,141030.0,-0.7090187180941577,0.35453449620648086,0.6140717604654602,0.0,2024-09-05,85603,cba
7904793995832304757,85603,12.0,28.0,0.42857142857142855,42.857142857142854,1.0,12.0,Partially Filled,141030.0,141015.0,141010.0,141020.0,10.0,0.7091444172605751,141030.0,0.0,0.0,-1.0637166258908626,-0.7091192738618636,300.0,-1.0637166258908626,1.0637166258908626,1692360.0,1725515918040492524,1725515916853810026,1725515916853810026,0.0,0.0,0.0,0.0,0.0,141020.0,141020.0,0.0,1.4182385477237271,0.0,0.0,2024-09-05,85603,cba
7904793995832308851,85603,1.0,50.0,0.02,2.0,1.0,1.0,Partially Filled,141020.0,141030.0,141020.0,141040.0,20.0,1.4181379848259235,141020.0,0.0,0.0,-0.7090689924129617,-0.7090689924129617,100.0,-0.7090689924129617,-0.7090689924129617,141020.0,1725515926300982754,1725515926296359035,1725515926296359035,0.0,0.0,0.0,0.0,0.0,141030.0,141030.0,0.0,1.4181379848259235,0.0,0.0,2024-09-05,85603,cba
7904793995832318207,85603,9.0,14.0,0.6428571428571429,64.28571428571429,1.0,9.0,Partially Filled,141040.0,141035.0,141030.0,141040.0,10.0,0.7090438543623924,141040.0,0.0,0.0,-0.3545219271811962,-0.3545219271811962,100.0,-0.3545219271811962,0.3545219271811962,1269360.0,1725515955090416635,1725515954243131958,1725515954243131958,0.0,0.0,0.0,0.0,0.0,141035.0,141035.0,0.0,0.7090438543623924,0.0,0.0,2024-09-05,85603,cba
7904793995832321641,85603,257.0,283.0,0.9081272084805654,90.81272084805654,12.0,21.416666666666668,Partially Filled,141030.0,141025.0,141020.0,141030.0,10.0,0.7090941322460557,141030.0,0.0,0.0,-0.35454706612302783,-0.3545470661230278,100.0,-0.35454706612302783,0.35454706612302783,36244710.0,1725515966206300479,1725515962839586210,1725515965838921006,0.0,2.999334796,0.0,0.27266679963636364,0.0,141025.0,141025.0,0.0,0.7090941322460557,0.0,0.0,2024-09-05,85603,cba
7904793995832331981,85603,9.0,25.0,0.36,36.0,2.0,4.5,Partially Filled,141080.0,141060.0,141040.0,141080.0,40.0,2.835672763363108,141080.0,0.0,0.0,-1.417836381681554,-2.087511235738706,100.0,-1.417836381681554,1.417836381681554,1269720.0,1725515995382980334,1725515994656577844,1725515995379854215,0.0,0.723276371,0.0,0.723276371,0.0,141050.0,141055.0,0.3544842254519674,3.899263652665723,0.3545470527578858,0.0,2024-09-05,85603,cba
7904793995832332112,85603,6.0,8.0,0.75,75.0,1.0,6.0,Partially Filled,141040.0,142465.0,148100.0,136830.0,-11270.0,-791.0714912434632,141040.0,0.0,0.0,-100.02456743761626,-1.417836381681554,,-100.02456743761626,-100.02456743761626,846240.0,1725516002117260179,1725515997970341236,1725515997970341236,0.0,0.0,0.0,0.0,0.0,141060.0,141060.0,0.0,2.835672763363108,0.0,0.0,2024-09-05,85603,cba
