f_statistic,p_value,significant
1.2245247633739595,0.3002036058353991,False
