scenario,n,mean_real,mean_simulated,mean_difference,std_difference,se_difference,ci_lower,ci_upper,t_statistic,p_value,significant,cohens_d,effect_size
unlimited,24,3354.5833333333335,3335.4166666666665,19.16666666666697,25.110865288865607,5.125733913123871,9.120228196944183,29.213105136389757,3.6605709576079546,0.001301542626685563,True,1.0484373034286858,Large
limited_50,24,3354.5833333333335,3345.0,9.583333333333485,12.555432644432804,2.5628669565619355,4.560114098472091,14.606552568194878,3.6605709576079546,0.001301542626685563,True,0.46677060111922175,Small
price_impact,24,3354.5833333333335,3337.9166666666665,16.66666666666697,25.110865288865607,5.125733913123871,6.620228196944183,26.713105136389757,3.1831051805286563,0.004142459604143278,True,0.9116846116771202,Large
